model,alpha,condition,coverage_target,baseline_accuracy,combined_accuracy,confidence_accuracy,combined_coverage,confidence_coverage,combined_gain_vs_baseline_pp,confidence_gain_vs_baseline_pp,lift_over_confidence_pp,source,source_path
llama3.1-8b,0.25,IC,0.75,0.33152173913043476,0.32857142857142857,0.30714285714285716,0.7608695652173914,0.7608695652173914,-0.2950310559006186,-2.4378881987577596,2.1428571428571406,rerun,/home/yikunh2/Uncertainty/results/alpha_sensitivity/llama3.1-8b_conflict_prediction_alpha_0p25.json
llama3.1-8b,0.25,IC,0.5,0.33152173913043476,0.4065934065934066,0.31521739130434784,0.4945652173913043,0.5,7.507166746297184,-1.6304347826086918,9.137601528905876,rerun,/home/yikunh2/Uncertainty/results/alpha_sensitivity/llama3.1-8b_conflict_prediction_alpha_0p25.json
llama3.1-8b,0.25,IC,0.25,0.33152173913043476,0.6666666666666666,0.30434782608695654,0.24456521739130435,0.25,33.51449275362319,-2.7173913043478217,36.23188405797101,rerun,/home/yikunh2/Uncertainty/results/alpha_sensitivity/llama3.1-8b_conflict_prediction_alpha_0p25.json
llama3.1-8b,0.25,ICC,0.75,0.6032608695652174,0.6666666666666666,0.6408450704225352,0.7663043478260869,0.7717391304347826,6.340579710144922,3.758420085731784,2.5821596244131384,rerun,/home/yikunh2/Uncertainty/results/alpha_sensitivity/llama3.1-8b_conflict_prediction_alpha_0p25.json
llama3.1-8b,0.25,ICC,0.5,0.6032608695652174,0.8,0.6777777777777778,0.4891304347826087,0.4891304347826087,19.673913043478265,7.45169082125604,12.222222222222223,rerun,/home/yikunh2/Uncertainty/results/alpha_sensitivity/llama3.1-8b_conflict_prediction_alpha_0p25.json
llama3.1-8b,0.25,ICC,0.25,0.6032608695652174,0.8823529411764706,0.7843137254901961,0.27717391304347827,0.27717391304347827,27.909207161125316,18.105285592497864,9.80392156862745,rerun,/home/yikunh2/Uncertainty/results/alpha_sensitivity/llama3.1-8b_conflict_prediction_alpha_0p25.json
meditron3-8b,0.25,IC,0.75,0.3695652173913043,0.4148148148148148,0.37777777777777777,0.7336956521739131,0.7336956521739131,4.524959742351048,0.8212560386473444,3.7037037037037033,rerun,/home/yikunh2/Uncertainty/results/alpha_sensitivity/meditron3-8b_conflict_prediction_alpha_0p25.json
meditron3-8b,0.25,IC,0.5,0.3695652173913043,0.4787234042553192,0.35789473684210527,0.5108695652173914,0.5163043478260869,10.915818686401485,-1.1670480549199058,12.082866741321391,rerun,/home/yikunh2/Uncertainty/results/alpha_sensitivity/meditron3-8b_conflict_prediction_alpha_0p25.json
meditron3-8b,0.25,IC,0.25,0.3695652173913043,0.65,0.275,0.21739130434782608,0.21739130434782608,28.04347826086957,-9.45652173913043,37.5,rerun,/home/yikunh2/Uncertainty/results/alpha_sensitivity/meditron3-8b_conflict_prediction_alpha_0p25.json
meditron3-8b,0.25,ICC,0.75,0.6902173913043478,0.7586206896551724,0.7534246575342466,0.7880434782608695,0.7934782608695652,6.840329835082459,6.320726622989881,0.5196032120925786,rerun,/home/yikunh2/Uncertainty/results/alpha_sensitivity/meditron3-8b_conflict_prediction_alpha_0p25.json
meditron3-8b,0.25,ICC,0.5,0.6902173913043478,0.8522727272727273,0.7752808988764045,0.4782608695652174,0.483695652173913,16.205533596837952,8.506350757205672,7.699182839632279,rerun,/home/yikunh2/Uncertainty/results/alpha_sensitivity/meditron3-8b_conflict_prediction_alpha_0p25.json
meditron3-8b,0.25,ICC,0.25,0.6902173913043478,0.975609756097561,0.7906976744186046,0.22282608695652173,0.23369565217391305,28.539236479321318,10.048028311425682,18.491208167895635,rerun,/home/yikunh2/Uncertainty/results/alpha_sensitivity/meditron3-8b_conflict_prediction_alpha_0p25.json
phi4-14b,0.25,IC,0.75,0.44565217391304346,0.4672131147540984,0.4180327868852459,0.6630434782608695,0.6630434782608695,2.156094084105492,-2.7619387027797537,4.918032786885246,rerun,/home/yikunh2/Uncertainty/results/alpha_sensitivity/phi4-14b_conflict_prediction_alpha_0p25.json
phi4-14b,0.25,IC,0.5,0.44565217391304346,0.5882352941176471,0.4117647058823529,0.46195652173913043,0.46195652173913043,14.258312020460362,-3.3887468030690537,17.647058823529417,rerun,/home/yikunh2/Uncertainty/results/alpha_sensitivity/phi4-14b_conflict_prediction_alpha_0p25.json
phi4-14b,0.25,IC,0.25,0.44565217391304346,0.8064516129032258,0.3387096774193548,0.16847826086956522,0.33695652173913043,36.07994389901823,-10.694249649368864,46.774193548387096,rerun,/home/yikunh2/Uncertainty/results/alpha_sensitivity/phi4-14b_conflict_prediction_alpha_0p25.json
phi4-14b,0.25,ICC,0.75,0.6413043478260869,0.7388059701492538,0.6865671641791045,0.7282608695652174,0.7282608695652174,9.750162232316683,4.526281635301754,5.223880597014929,rerun,/home/yikunh2/Uncertainty/results/alpha_sensitivity/phi4-14b_conflict_prediction_alpha_0p25.json
phi4-14b,0.25,ICC,0.5,0.6413043478260869,0.8705882352941177,0.6588235294117647,0.46195652173913043,0.46195652173913043,22.928388746803073,1.7519181585677779,21.176470588235297,rerun,/home/yikunh2/Uncertainty/results/alpha_sensitivity/phi4-14b_conflict_prediction_alpha_0p25.json
phi4-14b,0.25,ICC,0.25,0.6413043478260869,0.8367346938775511,0.6557377049180327,0.266304347826087,0.33152173913043476,19.543034605146413,1.443335709194582,18.099698895951832,rerun,/home/yikunh2/Uncertainty/results/alpha_sensitivity/phi4-14b_conflict_prediction_alpha_0p25.json
qwen3-4b,0.25,IC,0.75,0.41847826086956524,0.4305555555555556,0.3472222222222222,0.782608695652174,0.782608695652174,1.2077294685990336,-7.125603864734304,8.333333333333337,rerun,/home/yikunh2/Uncertainty/results/alpha_sensitivity/qwen3-4b_conflict_prediction_alpha_0p25.json
qwen3-4b,0.25,IC,0.5,0.41847826086956524,0.5747126436781609,0.3472222222222222,0.47282608695652173,0.782608695652174,15.623438280859563,-7.125603864734304,22.74904214559387,rerun,/home/yikunh2/Uncertainty/results/alpha_sensitivity/qwen3-4b_conflict_prediction_alpha_0p25.json
qwen3-4b,0.25,IC,0.25,0.41847826086956524,0.6666666666666666,0.3472222222222222,0.2608695652173913,0.782608695652174,24.818840579710137,-7.125603864734304,31.944444444444443,rerun,/home/yikunh2/Uncertainty/results/alpha_sensitivity/qwen3-4b_conflict_prediction_alpha_0p25.json
qwen3-4b,0.25,ICC,0.75,0.717391304347826,0.7972972972972973,0.7635135135135135,0.8043478260869565,0.8043478260869565,7.9905992949471205,4.612220916568743,3.378378378378377,rerun,/home/yikunh2/Uncertainty/results/alpha_sensitivity/qwen3-4b_conflict_prediction_alpha_0p25.json
qwen3-4b,0.25,ICC,0.5,0.717391304347826,0.891566265060241,0.7720588235294118,0.45108695652173914,0.7391304347826086,17.41749607124149,5.466751918158574,11.950744153082915,rerun,/home/yikunh2/Uncertainty/results/alpha_sensitivity/qwen3-4b_conflict_prediction_alpha_0p25.json
qwen3-4b,0.25,ICC,0.25,0.717391304347826,0.9743589743589743,0.7720588235294118,0.21195652173913043,0.7391304347826086,25.69676700111483,5.466751918158574,20.230015082956253,rerun,/home/yikunh2/Uncertainty/results/alpha_sensitivity/qwen3-4b_conflict_prediction_alpha_0p25.json
qwen3-8b,0.25,IC,0.75,0.5434782608695652,0.6470588235294118,0.5514705882352942,0.7391304347826086,0.7391304347826086,10.358056265984661,0.7992327365728968,9.558823529411764,rerun,/home/yikunh2/Uncertainty/results/alpha_sensitivity/qwen3-8b_conflict_prediction_alpha_0p25.json
qwen3-8b,0.25,IC,0.5,0.5434782608695652,0.7608695652173914,0.594059405940594,0.5,0.5489130434782609,21.739130434782616,5.058114507102884,16.68101592767973,rerun,/home/yikunh2/Uncertainty/results/alpha_sensitivity/qwen3-8b_conflict_prediction_alpha_0p25.json
qwen3-8b,0.25,IC,0.25,0.5434782608695652,0.8048780487804879,0.5977011494252874,0.22282608695652173,0.47282608695652173,26.13997879109227,5.422288855572221,20.717689935520045,rerun,/home/yikunh2/Uncertainty/results/alpha_sensitivity/qwen3-8b_conflict_prediction_alpha_0p25.json
qwen3-8b,0.25,ICC,0.75,0.7663043478260869,0.8767123287671232,0.815068493150685,0.7934782608695652,0.7934782608695652,11.040798094103632,4.876414532459805,6.164383561643827,rerun,/home/yikunh2/Uncertainty/results/alpha_sensitivity/qwen3-8b_conflict_prediction_alpha_0p25.json
qwen3-8b,0.25,ICC,0.5,0.7663043478260869,0.9611650485436893,0.8512396694214877,0.5597826086956522,0.657608695652174,19.486070071760242,8.493532159540074,10.992537912220168,rerun,/home/yikunh2/Uncertainty/results/alpha_sensitivity/qwen3-8b_conflict_prediction_alpha_0p25.json
qwen3-8b,0.25,ICC,0.25,0.7663043478260869,0.9814814814814815,0.8512396694214877,0.29347826086956524,0.657608695652174,21.51771336553946,8.493532159540074,13.024181205999385,rerun,/home/yikunh2/Uncertainty/results/alpha_sensitivity/qwen3-8b_conflict_prediction_alpha_0p25.json
qwen3.5-9b,0.25,IC,0.75,0.3695652173913043,0.4108527131782946,0.3488372093023256,0.7010869565217391,0.7010869565217391,4.128749578699026,-2.072800808897873,6.2015503875969,rerun,/home/yikunh2/Uncertainty/results/alpha_sensitivity/qwen3.5-9b_conflict_prediction_alpha_0p25.json
qwen3.5-9b,0.25,IC,0.5,0.3695652173913043,0.5394736842105263,0.3950617283950617,0.41304347826086957,0.44021739130434784,16.9908466819222,2.5496511003757383,14.441195581546463,rerun,/home/yikunh2/Uncertainty/results/alpha_sensitivity/qwen3.5-9b_conflict_prediction_alpha_0p25.json
qwen3.5-9b,0.25,IC,0.25,0.3695652173913043,0.775,0.5,0.21739130434782608,0.2391304347826087,40.54347826086957,13.043478260869568,27.500000000000004,rerun,/home/yikunh2/Uncertainty/results/alpha_sensitivity/qwen3.5-9b_conflict_prediction_alpha_0p25.json
qwen3.5-9b,0.25,ICC,0.75,0.782608695652174,0.8947368421052632,0.8888888888888888,0.7228260869565217,0.7336956521739131,11.21281464530892,10.62801932367149,0.5847953216374324,rerun,/home/yikunh2/Uncertainty/results/alpha_sensitivity/qwen3.5-9b_conflict_prediction_alpha_0p25.json
qwen3.5-9b,0.25,ICC,0.5,0.782608695652174,0.945054945054945,0.9285714285714286,0.4945652173913043,0.532608695652174,16.24462494027711,14.596273291925465,1.6483516483516425,rerun,/home/yikunh2/Uncertainty/results/alpha_sensitivity/qwen3.5-9b_conflict_prediction_alpha_0p25.json
qwen3.5-9b,0.25,ICC,0.25,0.782608695652174,0.975609756097561,0.9512195121951219,0.22282608695652173,0.22282608695652173,19.3001060445387,16.861081654294797,2.4390243902439046,rerun,/home/yikunh2/Uncertainty/results/alpha_sensitivity/qwen3.5-9b_conflict_prediction_alpha_0p25.json
llama3.1-8b,0.5,IC,0.75,0.33152173913043476,0.3767123287671233,0.3150684931506849,0.7934782608695652,0.7934782608695652,4.519058963668854,-1.6453245979749842,6.164383561643838,root_alpha_0.5,/home/yikunh2/Uncertainty/results/llama3.1-8b_conflict_prediction.json
llama3.1-8b,0.5,IC,0.5,0.33152173913043476,0.48484848484848486,0.30303030303030304,0.5380434782608695,0.5380434782608695,15.332674571805011,-2.8491436100131717,18.181818181818183,root_alpha_0.5,/home/yikunh2/Uncertainty/results/llama3.1-8b_conflict_prediction.json
llama3.1-8b,0.5,IC,0.25,0.33152173913043476,0.6363636363636364,0.30434782608695654,0.2391304347826087,0.25,30.48418972332016,-2.7173913043478217,33.201581027667984,root_alpha_0.5,/home/yikunh2/Uncertainty/results/llama3.1-8b_conflict_prediction.json
llama3.1-8b,0.5,ICC,0.75,0.6032608695652174,0.7028985507246377,0.644927536231884,0.75,0.75,9.96376811594203,4.1666666666666625,5.797101449275366,root_alpha_0.5,/home/yikunh2/Uncertainty/results/llama3.1-8b_conflict_prediction.json
llama3.1-8b,0.5,ICC,0.5,0.6032608695652174,0.7717391304347826,0.6774193548387096,0.5,0.5054347826086957,16.84782608695652,7.4158485273492225,9.431977559607297,root_alpha_0.5,/home/yikunh2/Uncertainty/results/llama3.1-8b_conflict_prediction.json
llama3.1-8b,0.5,ICC,0.25,0.6032608695652174,0.8909090909090909,0.7017543859649122,0.29891304347826086,0.30978260869565216,28.764822134387348,9.849351639969484,18.915470494417864,root_alpha_0.5,/home/yikunh2/Uncertainty/results/llama3.1-8b_conflict_prediction.json
meditron3-8b,0.5,IC,0.75,0.3695652173913043,0.4206896551724138,0.38620689655172413,0.7880434782608695,0.7880434782608695,5.112443778110948,1.6641679160419809,3.448275862068967,root_alpha_0.5,/home/yikunh2/Uncertainty/results/meditron3-8b_conflict_prediction.json
meditron3-8b,0.5,IC,0.5,0.3695652173913043,0.5376344086021505,0.3655913978494624,0.5054347826086957,0.5054347826086957,16.80691912108462,-0.397381954184195,17.204301075268813,root_alpha_0.5,/home/yikunh2/Uncertainty/results/meditron3-8b_conflict_prediction.json
meditron3-8b,0.5,IC,0.25,0.3695652173913043,0.6190476190476191,0.2619047619047619,0.22826086956521738,0.22826086956521738,24.948240165631475,-10.76604554865424,35.714285714285715,root_alpha_0.5,/home/yikunh2/Uncertainty/results/meditron3-8b_conflict_prediction.json
meditron3-8b,0.5,ICC,0.75,0.6902173913043478,0.7801418439716312,0.75177304964539,0.7663043478260869,0.7663043478260869,8.992445266728344,6.155565834104227,2.8368794326241176,root_alpha_0.5,/home/yikunh2/Uncertainty/results/meditron3-8b_conflict_prediction.json
meditron3-8b,0.5,ICC,0.5,0.6902173913043478,0.8777777777777778,0.7608695652173914,0.4891304347826087,0.5,18.756038647342997,7.0652173913043566,11.690821256038642,root_alpha_0.5,/home/yikunh2/Uncertainty/results/meditron3-8b_conflict_prediction.json
meditron3-8b,0.5,ICC,0.25,0.6902173913043478,0.9761904761904762,0.7906976744186046,0.22826086956521738,0.23369565217391305,28.59730848861284,10.048028311425682,18.549280177187157,root_alpha_0.5,/home/yikunh2/Uncertainty/results/meditron3-8b_conflict_prediction.json
phi4-14b,0.5,IC,0.75,0.44565217391304346,0.48872180451127817,0.45112781954887216,0.7228260869565217,0.7228260869565217,4.306963059823471,0.5475645635828696,3.7593984962406015,root_alpha_0.5,/home/yikunh2/Uncertainty/results/phi4-14b_conflict_prediction.json
phi4-14b,0.5,IC,0.5,0.44565217391304346,0.6153846153846154,0.4177215189873418,0.42391304347826086,0.42934782608695654,16.973244147157196,-2.793065492570168,19.766309639727364,root_alpha_0.5,/home/yikunh2/Uncertainty/results/phi4-14b_conflict_prediction.json
phi4-14b,0.5,IC,0.25,0.44565217391304346,0.8387096774193549,0.3387096774193548,0.16847826086956522,0.33695652173913043,39.30575035063114,-10.694249649368864,50.0,root_alpha_0.5,/home/yikunh2/Uncertainty/results/phi4-14b_conflict_prediction.json
phi4-14b,0.5,ICC,0.75,0.6413043478260869,0.7686567164179104,0.6865671641791045,0.7282608695652174,0.7282608695652174,12.735236859182352,4.526281635301754,8.208955223880599,root_alpha_0.5,/home/yikunh2/Uncertainty/results/phi4-14b_conflict_prediction.json
phi4-14b,0.5,ICC,0.5,0.6413043478260869,0.8505747126436781,0.6666666666666666,0.47282608695652173,0.47282608695652173,20.92703648175912,2.536231884057971,18.39080459770115,root_alpha_0.5,/home/yikunh2/Uncertainty/results/phi4-14b_conflict_prediction.json
phi4-14b,0.5,ICC,0.25,0.6413043478260869,0.8478260869565217,0.717391304347826,0.25,0.25,20.65217391304348,7.608695652173914,13.043478260869568,root_alpha_0.5,/home/yikunh2/Uncertainty/results/phi4-14b_conflict_prediction.json
qwen3-4b,0.5,IC,0.75,0.41847826086956524,0.4513888888888889,0.3472222222222222,0.782608695652174,0.782608695652174,3.291062801932365,-7.125603864734304,10.416666666666668,root_alpha_0.5,/home/yikunh2/Uncertainty/results/qwen3-4b_conflict_prediction.json
qwen3-4b,0.5,IC,0.5,0.41847826086956524,0.5952380952380952,0.3472222222222222,0.45652173913043476,0.782608695652174,17.675983436853,-7.125603864734304,24.801587301587304,root_alpha_0.5,/home/yikunh2/Uncertainty/results/qwen3-4b_conflict_prediction.json
qwen3-4b,0.5,IC,0.25,0.41847826086956524,0.6666666666666666,0.3472222222222222,0.2608695652173913,0.782608695652174,24.818840579710137,-7.125603864734304,31.944444444444443,root_alpha_0.5,/home/yikunh2/Uncertainty/results/qwen3-4b_conflict_prediction.json
qwen3-4b,0.5,ICC,0.75,0.717391304347826,0.7755102040816326,0.7635135135135135,0.7989130434782609,0.8043478260869565,5.811889973380657,4.612220916568743,1.199669056811914,root_alpha_0.5,/home/yikunh2/Uncertainty/results/qwen3-4b_conflict_prediction.json
qwen3-4b,0.5,ICC,0.5,0.717391304347826,0.8765432098765432,0.7720588235294118,0.44021739130434784,0.7391304347826086,15.915190552871717,5.466751918158574,10.448438634713142,root_alpha_0.5,/home/yikunh2/Uncertainty/results/qwen3-4b_conflict_prediction.json
qwen3-4b,0.5,ICC,0.25,0.717391304347826,0.975609756097561,0.7720588235294118,0.22282608695652173,0.7391304347826086,25.82184517497349,5.466751918158574,20.355093256814914,root_alpha_0.5,/home/yikunh2/Uncertainty/results/qwen3-4b_conflict_prediction.json
qwen3-8b,0.5,IC,0.75,0.5434782608695652,0.6319444444444444,0.5555555555555556,0.782608695652174,0.782608695652174,8.846618357487923,1.2077294685990392,7.638888888888884,root_alpha_0.5,/home/yikunh2/Uncertainty/results/qwen3-8b_conflict_prediction.json
qwen3-8b,0.5,IC,0.5,0.5434782608695652,0.7525773195876289,0.594059405940594,0.5271739130434783,0.5489130434782609,20.909905871806366,5.058114507102884,15.851791364703482,root_alpha_0.5,/home/yikunh2/Uncertainty/results/qwen3-8b_conflict_prediction.json
qwen3-8b,0.5,IC,0.25,0.5434782608695652,0.8048780487804879,0.5977011494252874,0.22282608695652173,0.47282608695652173,26.13997879109227,5.422288855572221,20.717689935520045,root_alpha_0.5,/home/yikunh2/Uncertainty/results/qwen3-8b_conflict_prediction.json
qwen3-8b,0.5,ICC,0.75,0.7663043478260869,0.8671328671328671,0.8194444444444444,0.7771739130434783,0.782608695652174,10.082851930678016,5.31400966183575,4.768842268842266,root_alpha_0.5,/home/yikunh2/Uncertainty/results/qwen3-8b_conflict_prediction.json
qwen3-8b,0.5,ICC,0.5,0.7663043478260869,0.9603960396039604,0.8512396694214877,0.5489130434782609,0.657608695652174,19.409169177787344,8.493532159540074,10.91563701824727,root_alpha_0.5,/home/yikunh2/Uncertainty/results/qwen3-8b_conflict_prediction.json
qwen3-8b,0.5,ICC,0.25,0.7663043478260869,0.9803921568627451,0.8512396694214877,0.27717391304347827,0.657608695652174,21.408780903665814,8.493532159540074,12.91524874412574,root_alpha_0.5,/home/yikunh2/Uncertainty/results/qwen3-8b_conflict_prediction.json
qwen3.5-9b,0.5,IC,0.75,0.3695652173913043,0.464,0.3488372093023256,0.6793478260869565,0.7010869565217391,9.44347826086957,-2.072800808897873,11.516279069767442,root_alpha_0.5,/home/yikunh2/Uncertainty/results/qwen3.5-9b_conflict_prediction.json
qwen3.5-9b,0.5,IC,0.5,0.3695652173913043,0.6623376623376623,0.3950617283950617,0.41847826086956524,0.44021739130434784,29.277244494635802,2.5496511003757383,26.72759339426006,root_alpha_0.5,/home/yikunh2/Uncertainty/results/qwen3.5-9b_conflict_prediction.json
qwen3.5-9b,0.5,IC,0.25,0.3695652173913043,0.7894736842105263,0.5,0.20652173913043478,0.2391304347826087,41.9908466819222,13.043478260869568,28.947368421052634,root_alpha_0.5,/home/yikunh2/Uncertainty/results/qwen3.5-9b_conflict_prediction.json
qwen3.5-9b,0.5,ICC,0.75,0.782608695652174,0.8787878787878788,0.8888888888888888,0.717391304347826,0.7336956521739131,9.617918313570485,10.62801932367149,-1.0101010101010055,root_alpha_0.5,/home/yikunh2/Uncertainty/results/qwen3.5-9b_conflict_prediction.json
qwen3.5-9b,0.5,ICC,0.5,0.782608695652174,0.9438202247191011,0.9285714285714286,0.483695652173913,0.532608695652174,16.121152906692714,14.596273291925465,1.5248796147672494,root_alpha_0.5,/home/yikunh2/Uncertainty/results/qwen3.5-9b_conflict_prediction.json
qwen3.5-9b,0.5,ICC,0.25,0.782608695652174,0.975609756097561,0.9512195121951219,0.22282608695652173,0.22282608695652173,19.3001060445387,16.861081654294797,2.4390243902439046,root_alpha_0.5,/home/yikunh2/Uncertainty/results/qwen3.5-9b_conflict_prediction.json
llama3.1-8b,0.75,IC,0.75,0.33152173913043476,0.4041095890410959,0.3150684931506849,0.7934782608695652,0.7934782608695652,7.258784991066114,-1.6453245979749842,8.904109589041099,rerun,/home/yikunh2/Uncertainty/results/alpha_sensitivity/llama3.1-8b_conflict_prediction_alpha_0p75.json
llama3.1-8b,0.75,IC,0.5,0.33152173913043476,0.48484848484848486,0.30303030303030304,0.5380434782608695,0.5380434782608695,15.332674571805011,-2.8491436100131717,18.181818181818183,rerun,/home/yikunh2/Uncertainty/results/alpha_sensitivity/llama3.1-8b_conflict_prediction_alpha_0p75.json
llama3.1-8b,0.75,IC,0.25,0.33152173913043476,0.5306122448979592,0.30612244897959184,0.266304347826087,0.266304347826087,19.909050576752445,-2.539929015084291,22.44897959183674,rerun,/home/yikunh2/Uncertainty/results/alpha_sensitivity/llama3.1-8b_conflict_prediction_alpha_0p75.json
llama3.1-8b,0.75,ICC,0.75,0.6032608695652174,0.6934306569343066,0.6496350364963503,0.7445652173913043,0.7445652173913043,9.016978736908921,4.637416693113295,4.379562043795627,rerun,/home/yikunh2/Uncertainty/results/alpha_sensitivity/llama3.1-8b_conflict_prediction_alpha_0p75.json
llama3.1-8b,0.75,ICC,0.5,0.6032608695652174,0.7448979591836735,0.673469387755102,0.532608695652174,0.532608695652174,14.163708961845611,7.020851818988461,7.142857142857151,rerun,/home/yikunh2/Uncertainty/results/alpha_sensitivity/llama3.1-8b_conflict_prediction_alpha_0p75.json
llama3.1-8b,0.75,ICC,0.25,0.6032608695652174,0.9090909090909091,0.7017543859649122,0.29891304347826086,0.30978260869565216,30.583003952569165,9.849351639969484,20.73365231259968,rerun,/home/yikunh2/Uncertainty/results/alpha_sensitivity/llama3.1-8b_conflict_prediction_alpha_0p75.json
meditron3-8b,0.75,IC,0.75,0.3695652173913043,0.4383561643835616,0.3835616438356164,0.7934782608695652,0.7934782608695652,6.87909469922573,1.3996426444312093,5.47945205479452,rerun,/home/yikunh2/Uncertainty/results/alpha_sensitivity/meditron3-8b_conflict_prediction_alpha_0p75.json
meditron3-8b,0.75,IC,0.5,0.3695652173913043,0.4752475247524752,0.3627450980392157,0.5489130434782609,0.5543478260869565,10.56823073611709,-0.6820119352088649,11.250242671325955,rerun,/home/yikunh2/Uncertainty/results/alpha_sensitivity/meditron3-8b_conflict_prediction_alpha_0p75.json
meditron3-8b,0.75,IC,0.25,0.3695652173913043,0.5952380952380952,0.2619047619047619,0.22826086956521738,0.22826086956521738,22.567287784679092,-10.76604554865424,33.33333333333333,rerun,/home/yikunh2/Uncertainty/results/alpha_sensitivity/meditron3-8b_conflict_prediction_alpha_0p75.json
meditron3-8b,0.75,ICC,0.75,0.6902173913043478,0.762589928057554,0.75177304964539,0.7554347826086957,0.7663043478260869,7.237253675320621,6.155565834104227,1.0816878412163944,rerun,/home/yikunh2/Uncertainty/results/alpha_sensitivity/meditron3-8b_conflict_prediction_alpha_0p75.json
meditron3-8b,0.75,ICC,0.5,0.6902173913043478,0.8829787234042553,0.7755102040816326,0.5108695652173914,0.532608695652174,19.276133209990753,8.529281277728485,10.746851932262269,rerun,/home/yikunh2/Uncertainty/results/alpha_sensitivity/meditron3-8b_conflict_prediction_alpha_0p75.json
meditron3-8b,0.75,ICC,0.25,0.6902173913043478,0.9333333333333333,0.8043478260869565,0.24456521739130435,0.25,24.311594202898558,11.413043478260876,12.89855072463768,rerun,/home/yikunh2/Uncertainty/results/alpha_sensitivity/meditron3-8b_conflict_prediction_alpha_0p75.json
phi4-14b,0.75,IC,0.75,0.44565217391304346,0.48148148148148145,0.4485294117647059,0.7336956521739131,0.7391304347826086,3.5829307568437994,0.287723785166244,3.2952069716775556,rerun,/home/yikunh2/Uncertainty/results/alpha_sensitivity/phi4-14b_conflict_prediction_alpha_0p75.json
phi4-14b,0.75,IC,0.5,0.44565217391304346,0.625,0.4125,0.43478260869565216,0.43478260869565216,17.934782608695656,-3.315217391304348,21.250000000000004,rerun,/home/yikunh2/Uncertainty/results/alpha_sensitivity/phi4-14b_conflict_prediction_alpha_0p75.json
phi4-14b,0.75,IC,0.25,0.44565217391304346,0.7631578947368421,0.3387096774193548,0.20652173913043478,0.33695652173913043,31.75057208237987,-10.694249649368864,42.44482173174873,rerun,/home/yikunh2/Uncertainty/results/alpha_sensitivity/phi4-14b_conflict_prediction_alpha_0p75.json
phi4-14b,0.75,ICC,0.75,0.6413043478260869,0.7692307692307693,0.6846153846153846,0.7065217391304348,0.7065217391304348,12.792642140468235,4.331103678929771,8.461538461538465,rerun,/home/yikunh2/Uncertainty/results/alpha_sensitivity/phi4-14b_conflict_prediction_alpha_0p75.json
phi4-14b,0.75,ICC,0.5,0.6413043478260869,0.8452380952380952,0.6547619047619048,0.45652173913043476,0.45652173913043476,20.39337474120083,1.345755693581785,19.047619047619047,rerun,/home/yikunh2/Uncertainty/results/alpha_sensitivity/phi4-14b_conflict_prediction_alpha_0p75.json
phi4-14b,0.75,ICC,0.25,0.6413043478260869,0.8863636363636364,0.717391304347826,0.2391304347826087,0.25,24.505928853754945,7.608695652173914,16.89723320158103,rerun,/home/yikunh2/Uncertainty/results/alpha_sensitivity/phi4-14b_conflict_prediction_alpha_0p75.json
qwen3-4b,0.75,IC,0.75,0.41847826086956524,0.4482758620689655,0.36,0.7880434782608695,0.8152173913043478,2.9797601199400283,-5.847826086956526,8.827586206896553,rerun,/home/yikunh2/Uncertainty/results/alpha_sensitivity/qwen3-4b_conflict_prediction_alpha_0p75.json
qwen3-4b,0.75,IC,0.5,0.41847826086956524,0.6,0.3472222222222222,0.46195652173913043,0.782608695652174,18.152173913043473,-7.125603864734304,25.27777777777778,rerun,/home/yikunh2/Uncertainty/results/alpha_sensitivity/qwen3-4b_conflict_prediction_alpha_0p75.json
qwen3-4b,0.75,IC,0.25,0.41847826086956524,0.673469387755102,0.3472222222222222,0.266304347826087,0.782608695652174,25.499112688553677,-7.125603864734304,32.62471655328798,rerun,/home/yikunh2/Uncertainty/results/alpha_sensitivity/qwen3-4b_conflict_prediction_alpha_0p75.json
qwen3-4b,0.75,ICC,0.75,0.717391304347826,0.7755102040816326,0.7635135135135135,0.7989130434782609,0.8043478260869565,5.811889973380657,4.612220916568743,1.199669056811914,rerun,/home/yikunh2/Uncertainty/results/alpha_sensitivity/qwen3-4b_conflict_prediction_alpha_0p75.json
qwen3-4b,0.75,ICC,0.5,0.717391304347826,0.8690476190476191,0.7720588235294118,0.45652173913043476,0.7391304347826086,15.165631469979301,5.466751918158574,9.698879551820728,rerun,/home/yikunh2/Uncertainty/results/alpha_sensitivity/qwen3-4b_conflict_prediction_alpha_0p75.json
qwen3-4b,0.75,ICC,0.25,0.717391304347826,0.975609756097561,0.7720588235294118,0.22282608695652173,0.7391304347826086,25.82184517497349,5.466751918158574,20.355093256814914,rerun,/home/yikunh2/Uncertainty/results/alpha_sensitivity/qwen3-4b_conflict_prediction_alpha_0p75.json
qwen3-8b,0.75,IC,0.75,0.5434782608695652,0.6275862068965518,0.5517241379310345,0.7880434782608695,0.7880434782608695,8.410794602698656,0.8245877061469287,7.586206896551728,rerun,/home/yikunh2/Uncertainty/results/alpha_sensitivity/qwen3-8b_conflict_prediction_alpha_0p75.json
qwen3-8b,0.75,IC,0.5,0.5434782608695652,0.7184466019417476,0.5675675675675675,0.5597826086956522,0.6032608695652174,17.49683410721824,2.4089306698002355,15.087903437418005,rerun,/home/yikunh2/Uncertainty/results/alpha_sensitivity/qwen3-8b_conflict_prediction_alpha_0p75.json
qwen3-8b,0.75,IC,0.25,0.5434782608695652,0.7777777777777778,0.5977011494252874,0.24456521739130435,0.47282608695652173,23.42995169082126,5.422288855572221,18.00766283524904,rerun,/home/yikunh2/Uncertainty/results/alpha_sensitivity/qwen3-8b_conflict_prediction_alpha_0p75.json
qwen3-8b,0.75,ICC,0.75,0.7663043478260869,0.8671328671328671,0.8194444444444444,0.7771739130434783,0.782608695652174,10.082851930678016,5.31400966183575,4.768842268842266,rerun,/home/yikunh2/Uncertainty/results/alpha_sensitivity/qwen3-8b_conflict_prediction_alpha_0p75.json
qwen3-8b,0.75,ICC,0.5,0.7663043478260869,0.9320388349514563,0.8512396694214877,0.5597826086956522,0.657608695652174,16.573448712536944,8.493532159540074,8.079916552996869,rerun,/home/yikunh2/Uncertainty/results/alpha_sensitivity/qwen3-8b_conflict_prediction_alpha_0p75.json
qwen3-8b,0.75,ICC,0.25,0.7663043478260869,0.9807692307692307,0.8512396694214877,0.2826086956521739,0.657608695652174,21.44648829431438,8.493532159540074,12.952956134774308,rerun,/home/yikunh2/Uncertainty/results/alpha_sensitivity/qwen3-8b_conflict_prediction_alpha_0p75.json
qwen3.5-9b,0.75,IC,0.75,0.3695652173913043,0.4580152671755725,0.34306569343065696,0.7119565217391305,0.7445652173913043,8.845004978426818,-2.6499523960647364,11.494957374491555,rerun,/home/yikunh2/Uncertainty/results/alpha_sensitivity/qwen3.5-9b_conflict_prediction_alpha_0p75.json
qwen3.5-9b,0.75,IC,0.5,0.3695652173913043,0.6447368421052632,0.3950617283950617,0.41304347826086957,0.44021739130434784,27.517162471395885,2.5496511003757383,24.967511371020144,rerun,/home/yikunh2/Uncertainty/results/alpha_sensitivity/qwen3.5-9b_conflict_prediction_alpha_0p75.json
qwen3.5-9b,0.75,IC,0.25,0.3695652173913043,0.7567567567567568,0.4864864864864865,0.20108695652173914,0.20108695652173914,38.71915393654525,11.692126909518219,27.027027027027028,rerun,/home/yikunh2/Uncertainty/results/alpha_sensitivity/qwen3.5-9b_conflict_prediction_alpha_0p75.json
qwen3.5-9b,0.75,ICC,0.75,0.782608695652174,0.8602941176470589,0.8840579710144928,0.7391304347826086,0.75,7.768542199488493,10.144927536231885,-2.376385336743392,rerun,/home/yikunh2/Uncertainty/results/alpha_sensitivity/qwen3.5-9b_conflict_prediction_alpha_0p75.json
qwen3.5-9b,0.75,ICC,0.5,0.782608695652174,0.9550561797752809,0.9285714285714286,0.483695652173913,0.532608695652174,17.244748412310695,14.596273291925465,2.6484751203852297,rerun,/home/yikunh2/Uncertainty/results/alpha_sensitivity/qwen3.5-9b_conflict_prediction_alpha_0p75.json
qwen3.5-9b,0.75,ICC,0.25,0.782608695652174,0.9761904761904762,0.9555555555555556,0.22826086956521738,0.24456521739130435,19.358178053830223,17.294685990338166,2.063492063492056,rerun,/home/yikunh2/Uncertainty/results/alpha_sensitivity/qwen3.5-9b_conflict_prediction_alpha_0p75.json
llama3.1-8b,1.0,IC,0.75,0.33152173913043476,0.4,0.3103448275862069,0.7880434782608695,0.7880434782608695,6.847826086956527,-2.117691154422785,8.965517241379311,rerun,/home/yikunh2/Uncertainty/results/alpha_sensitivity/llama3.1-8b_conflict_prediction_alpha_1.json
llama3.1-8b,1.0,IC,0.5,0.33152173913043476,0.5,0.30851063829787234,0.5108695652173914,0.5108695652173914,16.847826086956523,-2.3011100832562414,19.148936170212767,rerun,/home/yikunh2/Uncertainty/results/alpha_sensitivity/llama3.1-8b_conflict_prediction_alpha_1.json
llama3.1-8b,1.0,IC,0.25,0.33152173913043476,0.5555555555555556,0.3148148148148148,0.29347826086956524,0.29347826086956524,22.403381642512084,-1.670692431561993,24.074074074074076,rerun,/home/yikunh2/Uncertainty/results/alpha_sensitivity/llama3.1-8b_conflict_prediction_alpha_1.json
llama3.1-8b,1.0,ICC,0.75,0.6032608695652174,0.6956521739130435,0.644927536231884,0.75,0.75,9.239130434782606,4.1666666666666625,5.072463768115942,rerun,/home/yikunh2/Uncertainty/results/alpha_sensitivity/llama3.1-8b_conflict_prediction_alpha_1.json
llama3.1-8b,1.0,ICC,0.5,0.6032608695652174,0.7403846153846154,0.6826923076923077,0.5652173913043478,0.5652173913043478,13.712374581939802,7.94314381270903,5.769230769230771,rerun,/home/yikunh2/Uncertainty/results/alpha_sensitivity/llama3.1-8b_conflict_prediction_alpha_1.json
llama3.1-8b,1.0,ICC,0.25,0.6032608695652174,0.75,0.8125,0.2608695652173913,0.2608695652173913,14.67391304347826,20.923913043478258,-6.25,rerun,/home/yikunh2/Uncertainty/results/alpha_sensitivity/llama3.1-8b_conflict_prediction_alpha_1.json
meditron3-8b,1.0,IC,0.75,0.3695652173913043,0.4421768707482993,0.3877551020408163,0.7989130434782609,0.7989130434782609,7.2611653356994985,1.818988464951199,5.4421768707483,rerun,/home/yikunh2/Uncertainty/results/alpha_sensitivity/meditron3-8b_conflict_prediction_alpha_1.json
meditron3-8b,1.0,IC,0.5,0.3695652173913043,0.45,0.36,0.5434782608695652,0.5434782608695652,8.043478260869568,-0.9565217391304337,9.000000000000002,rerun,/home/yikunh2/Uncertainty/results/alpha_sensitivity/meditron3-8b_conflict_prediction_alpha_1.json
meditron3-8b,1.0,IC,0.25,0.3695652173913043,0.5,0.30357142857142855,0.30434782608695654,0.30434782608695654,13.043478260869568,-6.599378881987578,19.642857142857146,rerun,/home/yikunh2/Uncertainty/results/alpha_sensitivity/meditron3-8b_conflict_prediction_alpha_1.json
meditron3-8b,1.0,ICC,0.75,0.6902173913043478,0.75177304964539,0.75177304964539,0.7663043478260869,0.7663043478260869,6.155565834104227,6.155565834104227,0.0,rerun,/home/yikunh2/Uncertainty/results/alpha_sensitivity/meditron3-8b_conflict_prediction_alpha_1.json
meditron3-8b,1.0,ICC,0.5,0.6902173913043478,0.7551020408163265,0.7755102040816326,0.532608695652174,0.532608695652174,6.488464951197869,8.529281277728485,-2.0408163265306145,rerun,/home/yikunh2/Uncertainty/results/alpha_sensitivity/meditron3-8b_conflict_prediction_alpha_1.json
meditron3-8b,1.0,ICC,0.25,0.6902173913043478,0.7777777777777778,0.7857142857142857,0.29347826086956524,0.30434782608695654,8.756038647343,9.549689440993792,-0.7936507936507908,rerun,/home/yikunh2/Uncertainty/results/alpha_sensitivity/meditron3-8b_conflict_prediction_alpha_1.json
phi4-14b,1.0,IC,0.75,0.44565217391304346,0.5,0.4485294117647059,0.7391304347826086,0.7391304347826086,5.434782608695654,0.287723785166244,5.14705882352941,rerun,/home/yikunh2/Uncertainty/results/alpha_sensitivity/phi4-14b_conflict_prediction_alpha_1.json
phi4-14b,1.0,IC,0.5,0.44565217391304346,0.6097560975609756,0.4146341463414634,0.44565217391304346,0.44565217391304346,16.410392364793214,-3.1018027571580067,19.51219512195122,rerun,/home/yikunh2/Uncertainty/results/alpha_sensitivity/phi4-14b_conflict_prediction_alpha_1.json
phi4-14b,1.0,IC,0.25,0.44565217391304346,0.6222222222222222,0.3387096774193548,0.24456521739130435,0.33695652173913043,17.657004830917877,-10.694249649368864,28.35125448028674,rerun,/home/yikunh2/Uncertainty/results/alpha_sensitivity/phi4-14b_conflict_prediction_alpha_1.json
phi4-14b,1.0,ICC,0.75,0.6413043478260869,0.7578125,0.6796875,0.6956521739130435,0.6956521739130435,11.650815217391308,3.838315217391308,7.8125,rerun,/home/yikunh2/Uncertainty/results/alpha_sensitivity/phi4-14b_conflict_prediction_alpha_1.json
phi4-14b,1.0,ICC,0.5,0.6413043478260869,0.8235294117647058,0.6588235294117647,0.46195652173913043,0.46195652173913043,18.22250639386189,1.7519181585677779,16.470588235294116,rerun,/home/yikunh2/Uncertainty/results/alpha_sensitivity/phi4-14b_conflict_prediction_alpha_1.json
phi4-14b,1.0,ICC,0.25,0.6413043478260869,0.8461538461538461,0.717391304347826,0.21195652173913043,0.25,20.48494983277592,7.608695652173914,12.87625418060201,rerun,/home/yikunh2/Uncertainty/results/alpha_sensitivity/phi4-14b_conflict_prediction_alpha_1.json
qwen3-4b,1.0,IC,0.75,0.41847826086956524,0.4513888888888889,0.3472222222222222,0.782608695652174,0.782608695652174,3.291062801932365,-7.125603864734304,10.416666666666668,rerun,/home/yikunh2/Uncertainty/results/alpha_sensitivity/qwen3-4b_conflict_prediction_alpha_1.json
qwen3-4b,1.0,IC,0.5,0.41847826086956524,0.6071428571428571,0.3472222222222222,0.45652173913043476,0.782608695652174,18.866459627329185,-7.125603864734304,25.992063492063487,rerun,/home/yikunh2/Uncertainty/results/alpha_sensitivity/qwen3-4b_conflict_prediction_alpha_1.json
qwen3-4b,1.0,IC,0.25,0.41847826086956524,0.6875,0.3472222222222222,0.2608695652173913,0.782608695652174,26.902173913043477,-7.125603864734304,34.02777777777778,rerun,/home/yikunh2/Uncertainty/results/alpha_sensitivity/qwen3-4b_conflict_prediction_alpha_1.json
qwen3-4b,1.0,ICC,0.75,0.717391304347826,0.777027027027027,0.7635135135135135,0.8043478260869565,0.8043478260869565,5.963572267920092,4.612220916568743,1.3513513513513487,rerun,/home/yikunh2/Uncertainty/results/alpha_sensitivity/qwen3-4b_conflict_prediction_alpha_1.json
qwen3-4b,1.0,ICC,0.5,0.717391304347826,0.8902439024390244,0.7720588235294118,0.44565217391304346,0.7391304347826086,17.285259809119836,5.466751918158574,11.81850789096126,rerun,/home/yikunh2/Uncertainty/results/alpha_sensitivity/qwen3-4b_conflict_prediction_alpha_1.json
qwen3-4b,1.0,ICC,0.25,0.717391304347826,0.9761904761904762,0.7720588235294118,0.22826086956521738,0.7391304347826086,25.87991718426501,5.466751918158574,20.413165266106436,rerun,/home/yikunh2/Uncertainty/results/alpha_sensitivity/qwen3-4b_conflict_prediction_alpha_1.json
qwen3-8b,1.0,IC,0.75,0.5434782608695652,0.6524822695035462,0.5602836879432624,0.7663043478260869,0.7663043478260869,10.900400863398097,1.6805427073697254,9.219858156028371,rerun,/home/yikunh2/Uncertainty/results/alpha_sensitivity/qwen3-8b_conflict_prediction_alpha_1.json
qwen3-8b,1.0,IC,0.5,0.5434782608695652,0.7087378640776699,0.5675675675675675,0.5597826086956522,0.6032608695652174,16.525960320810473,2.4089306698002355,14.117029651010238,rerun,/home/yikunh2/Uncertainty/results/alpha_sensitivity/qwen3-8b_conflict_prediction_alpha_1.json
qwen3-8b,1.0,IC,0.25,0.5434782608695652,0.7358490566037735,0.5977011494252874,0.28804347826086957,0.47282608695652173,19.237079573420836,5.422288855572221,13.814790717848613,rerun,/home/yikunh2/Uncertainty/results/alpha_sensitivity/qwen3-8b_conflict_prediction_alpha_1.json
qwen3-8b,1.0,ICC,0.75,0.7663043478260869,0.8671328671328671,0.8194444444444444,0.7771739130434783,0.782608695652174,10.082851930678016,5.31400966183575,4.768842268842266,rerun,/home/yikunh2/Uncertainty/results/alpha_sensitivity/qwen3-8b_conflict_prediction_alpha_1.json
qwen3-8b,1.0,ICC,0.5,0.7663043478260869,0.9393939393939394,0.8512396694214877,0.5380434782608695,0.657608695652174,17.308959156785253,8.493532159540074,8.81542699724518,rerun,/home/yikunh2/Uncertainty/results/alpha_sensitivity/qwen3-8b_conflict_prediction_alpha_1.json
qwen3-8b,1.0,ICC,0.25,0.7663043478260869,0.9803921568627451,0.8512396694214877,0.27717391304347827,0.657608695652174,21.408780903665814,8.493532159540074,12.91524874412574,rerun,/home/yikunh2/Uncertainty/results/alpha_sensitivity/qwen3-8b_conflict_prediction_alpha_1.json
qwen3.5-9b,1.0,IC,0.75,0.3695652173913043,0.44696969696969696,0.34306569343065696,0.717391304347826,0.7445652173913043,7.7404479578392635,-2.6499523960647364,10.390400353904,rerun,/home/yikunh2/Uncertainty/results/alpha_sensitivity/qwen3.5-9b_conflict_prediction_alpha_1.json
qwen3.5-9b,1.0,IC,0.5,0.3695652173913043,0.6533333333333333,0.4,0.4076086956521739,0.4076086956521739,28.3768115942029,3.04347826086957,25.33333333333333,rerun,/home/yikunh2/Uncertainty/results/alpha_sensitivity/qwen3.5-9b_conflict_prediction_alpha_1.json
qwen3.5-9b,1.0,IC,0.25,0.3695652173913043,0.7428571428571429,0.4864864864864865,0.19021739130434784,0.20108695652173914,37.329192546583855,11.692126909518219,25.637065637065636,rerun,/home/yikunh2/Uncertainty/results/alpha_sensitivity/qwen3.5-9b_conflict_prediction_alpha_1.json
qwen3.5-9b,1.0,ICC,0.75,0.782608695652174,0.8759124087591241,0.8840579710144928,0.7445652173913043,0.75,9.330371310695018,10.144927536231885,-0.8145562255368666,rerun,/home/yikunh2/Uncertainty/results/alpha_sensitivity/qwen3.5-9b_conflict_prediction_alpha_1.json
qwen3.5-9b,1.0,ICC,0.5,0.782608695652174,0.872093023255814,0.9431818181818182,0.4673913043478261,0.4782608695652174,8.948432760364,16.05731225296443,-7.108879492600428,rerun,/home/yikunh2/Uncertainty/results/alpha_sensitivity/qwen3.5-9b_conflict_prediction_alpha_1.json
qwen3.5-9b,1.0,ICC,0.25,0.782608695652174,0.8888888888888888,0.9555555555555556,0.24456521739130435,0.24456521739130435,10.62801932367149,17.294685990338166,-6.666666666666677,rerun,/home/yikunh2/Uncertainty/results/alpha_sensitivity/qwen3.5-9b_conflict_prediction_alpha_1.json
