model,alpha,confidently_wrong_threshold,condition,coverage_target,baseline_accuracy,combined_accuracy,confidence_accuracy,combined_coverage,confidence_coverage,combined_gain_vs_baseline_pp,confidence_gain_vs_baseline_pp,lift_over_confidence_pp,source,source_path
llama3.1-8b,0.5,0.5,IC,0.75,0.33695652173913043,0.35664335664335667,0.3006993006993007,0.7771739130434783,0.7771739130434783,1.9686834904226236,-3.6257221039829757,5.5944055944055995,rerun,D:\Study\UIUC\Research\Uncertainty\results\conf_threshold_sensitivity\llama3.1-8b_conflict_prediction_confthr_0p5.json
llama3.1-8b,0.5,0.5,IC,0.5,0.33695652173913043,0.5,0.2073170731707317,0.44565217391304346,0.44565217391304346,16.304347826086957,-12.963944856839873,29.268292682926834,rerun,D:\Study\UIUC\Research\Uncertainty\results\conf_threshold_sensitivity\llama3.1-8b_conflict_prediction_confthr_0p5.json
llama3.1-8b,0.5,0.5,IC,0.25,0.33695652173913043,0.6136363636363636,0.1956521739130435,0.2391304347826087,0.25,27.66798418972332,-14.130434782608695,41.798418972332016,rerun,D:\Study\UIUC\Research\Uncertainty\results\conf_threshold_sensitivity\llama3.1-8b_conflict_prediction_confthr_0p5.json
llama3.1-8b,0.5,0.5,ICC,0.75,0.6141304347826086,0.6338028169014085,0.5985915492957746,0.7717391304347826,0.7717391304347826,1.9672382118799847,-1.553888548683402,3.5211267605633867,rerun,D:\Study\UIUC\Research\Uncertainty\results\conf_threshold_sensitivity\llama3.1-8b_conflict_prediction_confthr_0p5.json
llama3.1-8b,0.5,0.5,ICC,0.5,0.6141304347826086,0.7346938775510204,0.6224489795918368,0.532608695652174,0.532608695652174,12.05634427684118,0.8318544809228112,11.22448979591837,rerun,D:\Study\UIUC\Research\Uncertainty\results\conf_threshold_sensitivity\llama3.1-8b_conflict_prediction_confthr_0p5.json
llama3.1-8b,0.5,0.5,ICC,0.25,0.6141304347826086,0.8936170212765957,0.723404255319149,0.2554347826086957,0.2554347826086957,27.948658649398705,10.927382053654034,17.021276595744673,rerun,D:\Study\UIUC\Research\Uncertainty\results\conf_threshold_sensitivity\llama3.1-8b_conflict_prediction_confthr_0p5.json
meditron3-8b,0.5,0.5,IC,0.75,0.42391304347826086,0.4444444444444444,0.43703703703703706,0.7336956521739131,0.7336956521739131,2.0531400966183555,1.3123993558776192,0.7407407407407363,rerun,D:\Study\UIUC\Research\Uncertainty\results\conf_threshold_sensitivity\meditron3-8b_conflict_prediction_confthr_0p5.json
meditron3-8b,0.5,0.5,IC,0.5,0.42391304347826086,0.5783132530120482,0.3855421686746988,0.45108695652173914,0.45108695652173914,15.440020953378731,-3.837087480356205,19.277108433734934,rerun,D:\Study\UIUC\Research\Uncertainty\results\conf_threshold_sensitivity\meditron3-8b_conflict_prediction_confthr_0p5.json
meditron3-8b,0.5,0.5,IC,0.25,0.42391304347826086,0.6956521739130435,0.3695652173913043,0.25,0.25,27.173913043478258,-5.434782608695654,32.608695652173914,rerun,D:\Study\UIUC\Research\Uncertainty\results\conf_threshold_sensitivity\meditron3-8b_conflict_prediction_confthr_0p5.json
meditron3-8b,0.5,0.5,ICC,0.75,0.717391304347826,0.8059701492537313,0.8014705882352942,0.7282608695652174,0.7391304347826086,8.857884490590529,8.40792838874681,0.44995610184371815,rerun,D:\Study\UIUC\Research\Uncertainty\results\conf_threshold_sensitivity\meditron3-8b_conflict_prediction_confthr_0p5.json
meditron3-8b,0.5,0.5,ICC,0.5,0.717391304347826,0.9101123595505618,0.8651685393258427,0.483695652173913,0.483695652173913,19.272105520273573,14.777723497801665,4.49438202247191,rerun,D:\Study\UIUC\Research\Uncertainty\results\conf_threshold_sensitivity\meditron3-8b_conflict_prediction_confthr_0p5.json
meditron3-8b,0.5,0.5,ICC,0.25,0.717391304347826,1.0,0.8837209302325582,0.22282608695652173,0.23369565217391305,28.260869565217394,16.63296258847321,11.627906976744185,rerun,D:\Study\UIUC\Research\Uncertainty\results\conf_threshold_sensitivity\meditron3-8b_conflict_prediction_confthr_0p5.json
phi4-14b,0.5,0.5,IC,0.75,0.44565217391304346,0.4888888888888889,0.4264705882352941,0.7336956521739131,0.7391304347826086,4.323671497584542,-1.9181585677749358,6.241830065359477,rerun,D:\Study\UIUC\Research\Uncertainty\results\conf_threshold_sensitivity\phi4-14b_conflict_prediction_confthr_0p5.json
phi4-14b,0.5,0.5,IC,0.5,0.44565217391304346,0.6739130434782609,0.391304347826087,0.5,0.5,22.826086956521742,-5.434782608695649,28.26086956521739,rerun,D:\Study\UIUC\Research\Uncertainty\results\conf_threshold_sensitivity\phi4-14b_conflict_prediction_confthr_0p5.json
phi4-14b,0.5,0.5,IC,0.25,0.44565217391304346,0.7924528301886793,0.34615384615384615,0.28804347826086957,0.42391304347826086,34.680065627563586,-9.949832775919731,44.62989840348332,rerun,D:\Study\UIUC\Research\Uncertainty\results\conf_threshold_sensitivity\phi4-14b_conflict_prediction_confthr_0p5.json
phi4-14b,0.5,0.5,ICC,0.75,0.6521739130434783,0.7338129496402878,0.6690647482014388,0.7554347826086957,0.7554347826086957,8.16390365968095,1.6890835157960526,6.474820143884896,rerun,D:\Study\UIUC\Research\Uncertainty\results\conf_threshold_sensitivity\phi4-14b_conflict_prediction_confthr_0p5.json
phi4-14b,0.5,0.5,ICC,0.5,0.6521739130434783,0.8125,0.6262626262626263,0.5217391304347826,0.5380434782608695,16.032608695652172,-2.591128678085197,18.62373737373737,rerun,D:\Study\UIUC\Research\Uncertainty\results\conf_threshold_sensitivity\phi4-14b_conflict_prediction_confthr_0p5.json
phi4-14b,0.5,0.5,ICC,0.25,0.6521739130434783,0.8333333333333334,0.6923076923076923,0.2608695652173913,0.2826086956521739,18.11594202898551,4.013377926421402,14.102564102564108,rerun,D:\Study\UIUC\Research\Uncertainty\results\conf_threshold_sensitivity\phi4-14b_conflict_prediction_confthr_0p5.json
qwen3-4b,0.5,0.5,IC,0.75,0.41304347826086957,0.4594594594594595,0.38666666666666666,0.8043478260869565,0.8152173913043478,4.641598119858992,-2.637681159420291,7.279279279279283,rerun,D:\Study\UIUC\Research\Uncertainty\results\conf_threshold_sensitivity\qwen3-4b_conflict_prediction_confthr_0p5.json
qwen3-4b,0.5,0.5,IC,0.5,0.41304347826086957,0.5851063829787234,0.38666666666666666,0.5108695652173914,0.8152173913043478,17.206290471785383,-2.637681159420291,19.843971631205676,rerun,D:\Study\UIUC\Research\Uncertainty\results\conf_threshold_sensitivity\qwen3-4b_conflict_prediction_confthr_0p5.json
qwen3-4b,0.5,0.5,IC,0.25,0.41304347826086957,0.7857142857142857,0.38666666666666666,0.22826086956521738,0.8152173913043478,37.267080745341616,-2.637681159420291,39.904761904761905,rerun,D:\Study\UIUC\Research\Uncertainty\results\conf_threshold_sensitivity\qwen3-4b_conflict_prediction_confthr_0p5.json
qwen3-4b,0.5,0.5,ICC,0.75,0.7282608695652174,0.8014184397163121,0.8156028368794326,0.7663043478260869,0.7663043478260869,7.31575701510947,8.734196731421518,-1.4184397163120477,rerun,D:\Study\UIUC\Research\Uncertainty\results\conf_threshold_sensitivity\qwen3-4b_conflict_prediction_confthr_0p5.json
qwen3-4b,0.5,0.5,ICC,0.5,0.7282608695652174,0.8829787234042553,0.8156028368794326,0.5108695652173914,0.7663043478260869,15.471785383903791,8.734196731421518,6.737588652482273,rerun,D:\Study\UIUC\Research\Uncertainty\results\conf_threshold_sensitivity\qwen3-4b_conflict_prediction_confthr_0p5.json
qwen3-4b,0.5,0.5,ICC,0.25,0.7282608695652174,1.0,0.8156028368794326,0.2608695652173913,0.7663043478260869,27.173913043478258,8.734196731421518,18.439716312056742,rerun,D:\Study\UIUC\Research\Uncertainty\results\conf_threshold_sensitivity\qwen3-4b_conflict_prediction_confthr_0p5.json
qwen3-8b,0.5,0.5,IC,0.75,0.5597826086956522,0.6571428571428571,0.5815602836879432,0.7608695652173914,0.7663043478260869,9.736024844720493,2.1777674992290996,7.558257345491393,rerun,D:\Study\UIUC\Research\Uncertainty\results\conf_threshold_sensitivity\qwen3-8b_conflict_prediction_confthr_0p5.json
qwen3-8b,0.5,0.5,IC,0.5,0.5597826086956522,0.7790697674418605,0.5319148936170213,0.4673913043478261,0.5108695652173914,21.92871587462083,-2.786771507863095,24.715487382483925,rerun,D:\Study\UIUC\Research\Uncertainty\results\conf_threshold_sensitivity\qwen3-8b_conflict_prediction_confthr_0p5.json
qwen3-8b,0.5,0.5,IC,0.25,0.5597826086956522,0.8378378378378378,0.5319148936170213,0.20108695652173914,0.5108695652173914,27.80552291421856,-2.786771507863095,30.592294422081658,rerun,D:\Study\UIUC\Research\Uncertainty\results\conf_threshold_sensitivity\qwen3-8b_conflict_prediction_confthr_0p5.json
qwen3-8b,0.5,0.5,ICC,0.75,0.7554347826086957,0.8571428571428571,0.7761194029850746,0.7228260869565217,0.7282608695652174,10.170807453416142,2.068462037637897,8.102345415778245,rerun,D:\Study\UIUC\Research\Uncertainty\results\conf_threshold_sensitivity\qwen3-8b_conflict_prediction_confthr_0p5.json
qwen3-8b,0.5,0.5,ICC,0.5,0.7554347826086957,0.9878048780487805,0.8148148148148148,0.44565217391304346,0.5869565217391305,23.23700954400848,5.938003220611909,17.299006323396572,rerun,D:\Study\UIUC\Research\Uncertainty\results\conf_threshold_sensitivity\qwen3-8b_conflict_prediction_confthr_0p5.json
qwen3-8b,0.5,0.5,ICC,0.25,0.7554347826086957,1.0,0.8148148148148148,0.2391304347826087,0.5869565217391305,24.456521739130434,5.938003220611909,18.518518518518523,rerun,D:\Study\UIUC\Research\Uncertainty\results\conf_threshold_sensitivity\qwen3-8b_conflict_prediction_confthr_0p5.json
qwen3.5-9b,0.5,0.5,IC,0.75,0.3695652173913043,0.4142857142857143,0.3469387755102041,0.7608695652173914,0.7989130434782609,4.472049689440999,-2.2626441881100243,6.734693877551024,rerun,D:\Study\UIUC\Research\Uncertainty\results\conf_threshold_sensitivity\qwen3.5-9b_conflict_prediction_confthr_0p5.json
qwen3.5-9b,0.5,0.5,IC,0.5,0.3695652173913043,0.5652173913043478,0.36363636363636365,0.5,0.5380434782608695,19.565217391304344,-0.5928853754940677,20.158102766798415,rerun,D:\Study\UIUC\Research\Uncertainty\results\conf_threshold_sensitivity\qwen3.5-9b_conflict_prediction_confthr_0p5.json
qwen3.5-9b,0.5,0.5,IC,0.25,0.3695652173913043,0.627906976744186,0.4782608695652174,0.23369565217391305,0.25,25.834175935288172,10.869565217391308,14.964610717896864,rerun,D:\Study\UIUC\Research\Uncertainty\results\conf_threshold_sensitivity\qwen3.5-9b_conflict_prediction_confthr_0p5.json
qwen3.5-9b,0.5,0.5,ICC,0.75,0.8152173913043478,0.8778625954198473,0.8848920863309353,0.7119565217391305,0.7554347826086957,6.264520411549956,6.967469502658751,-0.7029490911087954,rerun,D:\Study\UIUC\Research\Uncertainty\results\conf_threshold_sensitivity\qwen3.5-9b_conflict_prediction_confthr_0p5.json
qwen3.5-9b,0.5,0.5,ICC,0.5,0.8152173913043478,0.967741935483871,0.9468085106382979,0.5054347826086957,0.5108695652173914,15.252454417952322,13.159111933395007,2.0933424845573145,rerun,D:\Study\UIUC\Research\Uncertainty\results\conf_threshold_sensitivity\qwen3.5-9b_conflict_prediction_confthr_0p5.json
qwen3.5-9b,0.5,0.5,ICC,0.25,0.8152173913043478,0.9807692307692307,0.9821428571428571,0.2826086956521739,0.30434782608695654,16.555183946488295,16.69254658385093,-0.13736263736263687,rerun,D:\Study\UIUC\Research\Uncertainty\results\conf_threshold_sensitivity\qwen3.5-9b_conflict_prediction_confthr_0p5.json
llama3.1-8b,0.5,0.6,IC,0.75,0.32608695652173914,0.3893129770992366,0.2595419847328244,0.7119565217391305,0.7119565217391305,6.322602057749749,-6.6544971788914715,12.977099236641221,rerun,D:\Study\UIUC\Research\Uncertainty\results\conf_threshold_sensitivity\llama3.1-8b_conflict_prediction_confthr_0p6.json
llama3.1-8b,0.5,0.6,IC,0.5,0.32608695652173914,0.550561797752809,0.21348314606741572,0.483695652173913,0.483695652173913,22.447484123106985,-11.260381045432341,33.70786516853933,rerun,D:\Study\UIUC\Research\Uncertainty\results\conf_threshold_sensitivity\llama3.1-8b_conflict_prediction_confthr_0p6.json
llama3.1-8b,0.5,0.6,IC,0.25,0.32608695652173914,0.6585365853658537,0.24390243902439024,0.22282608695652173,0.22282608695652173,33.24496288441146,-8.21845174973489,41.463414634146346,rerun,D:\Study\UIUC\Research\Uncertainty\results\conf_threshold_sensitivity\llama3.1-8b_conflict_prediction_confthr_0p6.json
llama3.1-8b,0.5,0.6,ICC,0.75,0.6195652173913043,0.7076923076923077,0.6846153846153846,0.7065217391304348,0.7065217391304348,8.81270903010034,6.50501672240803,2.3076923076923106,rerun,D:\Study\UIUC\Research\Uncertainty\results\conf_threshold_sensitivity\llama3.1-8b_conflict_prediction_confthr_0p6.json
llama3.1-8b,0.5,0.6,ICC,0.5,0.6195652173913043,0.8089887640449438,0.7303370786516854,0.483695652173913,0.483695652173913,18.942354665363947,11.077186126038107,7.86516853932584,rerun,D:\Study\UIUC\Research\Uncertainty\results\conf_threshold_sensitivity\llama3.1-8b_conflict_prediction_confthr_0p6.json
llama3.1-8b,0.5,0.6,ICC,0.25,0.6195652173913043,0.9166666666666666,0.75,0.2608695652173913,0.2608695652173913,29.71014492753623,13.043478260869568,16.666666666666664,rerun,D:\Study\UIUC\Research\Uncertainty\results\conf_threshold_sensitivity\llama3.1-8b_conflict_prediction_confthr_0p6.json
meditron3-8b,0.5,0.6,IC,0.75,0.42391304347826086,0.4928571428571429,0.425531914893617,0.7608695652173914,0.7663043478260869,6.894409937888202,0.161887141535616,6.732522796352586,rerun,D:\Study\UIUC\Research\Uncertainty\results\conf_threshold_sensitivity\meditron3-8b_conflict_prediction_confthr_0p6.json
meditron3-8b,0.5,0.6,IC,0.5,0.42391304347826086,0.6063829787234043,0.4148936170212766,0.5108695652173914,0.5108695652173914,18.246993524514345,-0.9019426456984281,19.14893617021277,rerun,D:\Study\UIUC\Research\Uncertainty\results\conf_threshold_sensitivity\meditron3-8b_conflict_prediction_confthr_0p6.json
meditron3-8b,0.5,0.6,IC,0.25,0.42391304347826086,0.7857142857142857,0.38095238095238093,0.22826086956521738,0.22826086956521738,36.18012422360248,-4.296066252587993,40.476190476190474,rerun,D:\Study\UIUC\Research\Uncertainty\results\conf_threshold_sensitivity\meditron3-8b_conflict_prediction_confthr_0p6.json
meditron3-8b,0.5,0.6,ICC,0.75,0.7010869565217391,0.7928571428571428,0.75177304964539,0.7608695652173914,0.7663043478260869,9.177018633540367,5.068609312365091,4.108409321175277,rerun,D:\Study\UIUC\Research\Uncertainty\results\conf_threshold_sensitivity\meditron3-8b_conflict_prediction_confthr_0p6.json
meditron3-8b,0.5,0.6,ICC,0.5,0.7010869565217391,0.8913043478260869,0.8260869565217391,0.5,0.5,19.021739130434778,12.5,6.521739130434778,rerun,D:\Study\UIUC\Research\Uncertainty\results\conf_threshold_sensitivity\meditron3-8b_conflict_prediction_confthr_0p6.json
meditron3-8b,0.5,0.6,ICC,0.25,0.7010869565217391,0.9347826086956522,0.8913043478260869,0.25,0.25,23.369565217391308,19.021739130434778,4.34782608695653,rerun,D:\Study\UIUC\Research\Uncertainty\results\conf_threshold_sensitivity\meditron3-8b_conflict_prediction_confthr_0p6.json
phi4-14b,0.5,0.6,IC,0.75,0.44565217391304346,0.515625,0.4140625,0.6956521739130435,0.6956521739130435,6.997282608695654,-3.158967391304346,10.15625,rerun,D:\Study\UIUC\Research\Uncertainty\results\conf_threshold_sensitivity\phi4-14b_conflict_prediction_confthr_0p6.json
phi4-14b,0.5,0.6,IC,0.5,0.44565217391304346,0.725,0.35,0.43478260869565216,0.43478260869565216,27.934782608695652,-9.565217391304348,37.5,rerun,D:\Study\UIUC\Research\Uncertainty\results\conf_threshold_sensitivity\phi4-14b_conflict_prediction_confthr_0p6.json
phi4-14b,0.5,0.6,IC,0.25,0.44565217391304346,0.8,0.3561643835616438,0.2717391304347826,0.3967391304347826,35.434782608695656,-8.948779035139964,44.38356164383562,rerun,D:\Study\UIUC\Research\Uncertainty\results\conf_threshold_sensitivity\phi4-14b_conflict_prediction_confthr_0p6.json
phi4-14b,0.5,0.6,ICC,0.75,0.657608695652174,0.7777777777777778,0.7037037037037037,0.7336956521739131,0.7336956521739131,12.016908212560384,4.609500805152978,7.4074074074074066,rerun,D:\Study\UIUC\Research\Uncertainty\results\conf_threshold_sensitivity\phi4-14b_conflict_prediction_confthr_0p6.json
phi4-14b,0.5,0.6,ICC,0.5,0.657608695652174,0.8351648351648352,0.6989247311827957,0.4945652173913043,0.5054347826086957,17.755613951266124,4.131603553062179,13.624010398203945,rerun,D:\Study\UIUC\Research\Uncertainty\results\conf_threshold_sensitivity\phi4-14b_conflict_prediction_confthr_0p6.json
phi4-14b,0.5,0.6,ICC,0.25,0.657608695652174,0.9230769230769231,0.7258064516129032,0.2826086956521739,0.33695652173913043,26.54682274247492,6.81977559607293,19.727047146401986,rerun,D:\Study\UIUC\Research\Uncertainty\results\conf_threshold_sensitivity\phi4-14b_conflict_prediction_confthr_0p6.json
qwen3-4b,0.5,0.6,IC,0.75,0.41304347826086957,0.4391891891891892,0.3933333333333333,0.8043478260869565,0.8152173913043478,2.614571092831963,-1.9710144927536255,4.585585585585589,rerun,D:\Study\UIUC\Research\Uncertainty\results\conf_threshold_sensitivity\qwen3-4b_conflict_prediction_confthr_0p6.json
qwen3-4b,0.5,0.6,IC,0.5,0.41304347826086957,0.5670103092783505,0.37410071942446044,0.5271739130434783,0.7554347826086957,15.396683101748094,-3.894275883640913,19.290958985389008,rerun,D:\Study\UIUC\Research\Uncertainty\results\conf_threshold_sensitivity\qwen3-4b_conflict_prediction_confthr_0p6.json
qwen3-4b,0.5,0.6,IC,0.25,0.41304347826086957,0.75,0.37410071942446044,0.2391304347826087,0.7554347826086957,33.69565217391305,-3.894275883640913,37.589928057553955,rerun,D:\Study\UIUC\Research\Uncertainty\results\conf_threshold_sensitivity\qwen3-4b_conflict_prediction_confthr_0p6.json
qwen3-4b,0.5,0.6,ICC,0.75,0.7228260869565217,0.8308823529411765,0.7891156462585034,0.7391304347826086,0.7989130434782609,10.805626598465478,6.628955930198166,4.176670668267313,rerun,D:\Study\UIUC\Research\Uncertainty\results\conf_threshold_sensitivity\qwen3-4b_conflict_prediction_confthr_0p6.json
qwen3-4b,0.5,0.6,ICC,0.5,0.7228260869565217,0.8969072164948454,0.8045112781954887,0.5271739130434783,0.7228260869565217,17.408112953832365,8.1685191238967,9.239593829935666,rerun,D:\Study\UIUC\Research\Uncertainty\results\conf_threshold_sensitivity\qwen3-4b_conflict_prediction_confthr_0p6.json
qwen3-4b,0.5,0.6,ICC,0.25,0.7228260869565217,0.9772727272727273,0.8045112781954887,0.2391304347826087,0.7228260869565217,25.444664031620555,8.1685191238967,17.276144907723857,rerun,D:\Study\UIUC\Research\Uncertainty\results\conf_threshold_sensitivity\qwen3-4b_conflict_prediction_confthr_0p6.json
qwen3-8b,0.5,0.6,IC,0.75,0.5652173913043478,0.7121212121212122,0.5746268656716418,0.717391304347826,0.7282608695652174,14.690382081686437,0.9409474367294002,13.749434644957038,rerun,D:\Study\UIUC\Research\Uncertainty\results\conf_threshold_sensitivity\qwen3-8b_conflict_prediction_confthr_0p6.json
qwen3-8b,0.5,0.6,IC,0.5,0.5652173913043478,0.7865168539325843,0.5510204081632653,0.483695652173913,0.532608695652174,22.12994626282365,-1.419698314108253,23.549644576931904,rerun,D:\Study\UIUC\Research\Uncertainty\results\conf_threshold_sensitivity\qwen3-8b_conflict_prediction_confthr_0p6.json
qwen3-8b,0.5,0.6,IC,0.25,0.5652173913043478,0.8260869565217391,0.5510204081632653,0.25,0.532608695652174,26.086956521739136,-1.419698314108253,27.50665483584739,rerun,D:\Study\UIUC\Research\Uncertainty\results\conf_threshold_sensitivity\qwen3-8b_conflict_prediction_confthr_0p6.json
qwen3-8b,0.5,0.6,ICC,0.75,0.7663043478260869,0.8707482993197279,0.7959183673469388,0.7989130434782609,0.7989130434782609,10.444395149364095,2.9614019520851853,7.482993197278908,rerun,D:\Study\UIUC\Research\Uncertainty\results\conf_threshold_sensitivity\qwen3-8b_conflict_prediction_confthr_0p6.json
qwen3-8b,0.5,0.6,ICC,0.5,0.7663043478260869,0.93,0.8738738738738738,0.5434782608695652,0.6032608695652174,16.36956521739131,10.756952604778691,5.612612612612622,rerun,D:\Study\UIUC\Research\Uncertainty\results\conf_threshold_sensitivity\qwen3-8b_conflict_prediction_confthr_0p6.json
qwen3-8b,0.5,0.6,ICC,0.25,0.7663043478260869,0.9830508474576272,0.8738738738738738,0.32065217391304346,0.6032608695652174,21.674649963154025,10.756952604778691,10.917697358375333,rerun,D:\Study\UIUC\Research\Uncertainty\results\conf_threshold_sensitivity\qwen3-8b_conflict_prediction_confthr_0p6.json
qwen3.5-9b,0.5,0.6,IC,0.75,0.3532608695652174,0.39864864864864863,0.32903225806451614,0.8043478260869565,0.842391304347826,4.538777908343122,-2.422861150070127,6.961639058413249,rerun,D:\Study\UIUC\Research\Uncertainty\results\conf_threshold_sensitivity\qwen3.5-9b_conflict_prediction_confthr_0p6.json
qwen3.5-9b,0.5,0.6,IC,0.5,0.3532608695652174,0.5757575757575758,0.27184466019417475,0.5380434782608695,0.5597826086956522,22.24967061923584,-8.141620937104266,30.391291556340107,rerun,D:\Study\UIUC\Research\Uncertainty\results\conf_threshold_sensitivity\qwen3.5-9b_conflict_prediction_confthr_0p6.json
qwen3.5-9b,0.5,0.6,IC,0.25,0.3532608695652174,0.7,0.30952380952380953,0.21739130434782608,0.22826086956521738,34.67391304347826,-4.373706004140788,39.047619047619044,rerun,D:\Study\UIUC\Research\Uncertainty\results\conf_threshold_sensitivity\qwen3.5-9b_conflict_prediction_confthr_0p6.json
qwen3.5-9b,0.5,0.6,ICC,0.75,0.8152173913043478,0.875,0.9071428571428571,0.7391304347826086,0.7608695652173914,5.978260869565222,9.192546583850936,-3.214285714285714,rerun,D:\Study\UIUC\Research\Uncertainty\results\conf_threshold_sensitivity\qwen3.5-9b_conflict_prediction_confthr_0p6.json
qwen3.5-9b,0.5,0.6,ICC,0.5,0.8152173913043478,0.96875,0.97,0.5217391304347826,0.5434782608695652,15.353260869565222,15.478260869565219,-0.12499999999999734,rerun,D:\Study\UIUC\Research\Uncertainty\results\conf_threshold_sensitivity\qwen3.5-9b_conflict_prediction_confthr_0p6.json
qwen3.5-9b,0.5,0.6,ICC,0.25,0.8152173913043478,1.0,0.9791666666666666,0.2608695652173913,0.2608695652173913,18.478260869565222,16.394927536231883,2.083333333333337,rerun,D:\Study\UIUC\Research\Uncertainty\results\conf_threshold_sensitivity\qwen3.5-9b_conflict_prediction_confthr_0p6.json
llama3.1-8b,0.5,0.7,IC,0.75,0.33152173913043476,0.3767123287671233,0.3150684931506849,0.7934782608695652,0.7934782608695652,4.519058963668854,-1.6453245979749842,6.164383561643838,root_default,D:\Study\UIUC\Research\Uncertainty\results\llama3.1-8b_conflict_prediction.json
llama3.1-8b,0.5,0.7,IC,0.5,0.33152173913043476,0.48484848484848486,0.30303030303030304,0.5380434782608695,0.5380434782608695,15.332674571805011,-2.8491436100131717,18.181818181818183,root_default,D:\Study\UIUC\Research\Uncertainty\results\llama3.1-8b_conflict_prediction.json
llama3.1-8b,0.5,0.7,IC,0.25,0.33152173913043476,0.6363636363636364,0.30434782608695654,0.2391304347826087,0.25,30.48418972332016,-2.7173913043478217,33.201581027667984,root_default,D:\Study\UIUC\Research\Uncertainty\results\llama3.1-8b_conflict_prediction.json
llama3.1-8b,0.5,0.7,ICC,0.75,0.6032608695652174,0.7028985507246377,0.644927536231884,0.75,0.75,9.96376811594203,4.1666666666666625,5.797101449275366,root_default,D:\Study\UIUC\Research\Uncertainty\results\llama3.1-8b_conflict_prediction.json
llama3.1-8b,0.5,0.7,ICC,0.5,0.6032608695652174,0.7717391304347826,0.6774193548387096,0.5,0.5054347826086957,16.84782608695652,7.4158485273492225,9.431977559607297,root_default,D:\Study\UIUC\Research\Uncertainty\results\llama3.1-8b_conflict_prediction.json
llama3.1-8b,0.5,0.7,ICC,0.25,0.6032608695652174,0.8909090909090909,0.7017543859649122,0.29891304347826086,0.30978260869565216,28.764822134387348,9.849351639969484,18.915470494417864,root_default,D:\Study\UIUC\Research\Uncertainty\results\llama3.1-8b_conflict_prediction.json
meditron3-8b,0.5,0.7,IC,0.75,0.3695652173913043,0.4206896551724138,0.38620689655172413,0.7880434782608695,0.7880434782608695,5.112443778110948,1.6641679160419809,3.448275862068967,root_default,D:\Study\UIUC\Research\Uncertainty\results\meditron3-8b_conflict_prediction.json
meditron3-8b,0.5,0.7,IC,0.5,0.3695652173913043,0.5376344086021505,0.3655913978494624,0.5054347826086957,0.5054347826086957,16.80691912108462,-0.397381954184195,17.204301075268813,root_default,D:\Study\UIUC\Research\Uncertainty\results\meditron3-8b_conflict_prediction.json
meditron3-8b,0.5,0.7,IC,0.25,0.3695652173913043,0.6190476190476191,0.2619047619047619,0.22826086956521738,0.22826086956521738,24.948240165631475,-10.76604554865424,35.714285714285715,root_default,D:\Study\UIUC\Research\Uncertainty\results\meditron3-8b_conflict_prediction.json
meditron3-8b,0.5,0.7,ICC,0.75,0.6902173913043478,0.7801418439716312,0.75177304964539,0.7663043478260869,0.7663043478260869,8.992445266728344,6.155565834104227,2.8368794326241176,root_default,D:\Study\UIUC\Research\Uncertainty\results\meditron3-8b_conflict_prediction.json
meditron3-8b,0.5,0.7,ICC,0.5,0.6902173913043478,0.8777777777777778,0.7608695652173914,0.4891304347826087,0.5,18.756038647342997,7.0652173913043566,11.690821256038642,root_default,D:\Study\UIUC\Research\Uncertainty\results\meditron3-8b_conflict_prediction.json
meditron3-8b,0.5,0.7,ICC,0.25,0.6902173913043478,0.9761904761904762,0.7906976744186046,0.22826086956521738,0.23369565217391305,28.59730848861284,10.048028311425682,18.549280177187157,root_default,D:\Study\UIUC\Research\Uncertainty\results\meditron3-8b_conflict_prediction.json
phi4-14b,0.5,0.7,IC,0.75,0.44565217391304346,0.48872180451127817,0.45112781954887216,0.7228260869565217,0.7228260869565217,4.306963059823471,0.5475645635828696,3.7593984962406015,root_default,D:\Study\UIUC\Research\Uncertainty\results\phi4-14b_conflict_prediction.json
phi4-14b,0.5,0.7,IC,0.5,0.44565217391304346,0.6153846153846154,0.4177215189873418,0.42391304347826086,0.42934782608695654,16.973244147157196,-2.793065492570168,19.766309639727364,root_default,D:\Study\UIUC\Research\Uncertainty\results\phi4-14b_conflict_prediction.json
phi4-14b,0.5,0.7,IC,0.25,0.44565217391304346,0.8387096774193549,0.3387096774193548,0.16847826086956522,0.33695652173913043,39.30575035063114,-10.694249649368864,50.0,root_default,D:\Study\UIUC\Research\Uncertainty\results\phi4-14b_conflict_prediction.json
phi4-14b,0.5,0.7,ICC,0.75,0.6413043478260869,0.7686567164179104,0.6865671641791045,0.7282608695652174,0.7282608695652174,12.735236859182352,4.526281635301754,8.208955223880599,root_default,D:\Study\UIUC\Research\Uncertainty\results\phi4-14b_conflict_prediction.json
phi4-14b,0.5,0.7,ICC,0.5,0.6413043478260869,0.8505747126436781,0.6666666666666666,0.47282608695652173,0.47282608695652173,20.92703648175912,2.536231884057971,18.39080459770115,root_default,D:\Study\UIUC\Research\Uncertainty\results\phi4-14b_conflict_prediction.json
phi4-14b,0.5,0.7,ICC,0.25,0.6413043478260869,0.8478260869565217,0.717391304347826,0.25,0.25,20.65217391304348,7.608695652173914,13.043478260869568,root_default,D:\Study\UIUC\Research\Uncertainty\results\phi4-14b_conflict_prediction.json
qwen3-4b,0.5,0.7,IC,0.75,0.41847826086956524,0.4513888888888889,0.3472222222222222,0.782608695652174,0.782608695652174,3.291062801932365,-7.125603864734304,10.416666666666668,root_default,D:\Study\UIUC\Research\Uncertainty\results\qwen3-4b_conflict_prediction.json
qwen3-4b,0.5,0.7,IC,0.5,0.41847826086956524,0.5952380952380952,0.3472222222222222,0.45652173913043476,0.782608695652174,17.675983436853,-7.125603864734304,24.801587301587304,root_default,D:\Study\UIUC\Research\Uncertainty\results\qwen3-4b_conflict_prediction.json
qwen3-4b,0.5,0.7,IC,0.25,0.41847826086956524,0.6666666666666666,0.3472222222222222,0.2608695652173913,0.782608695652174,24.818840579710137,-7.125603864734304,31.944444444444443,root_default,D:\Study\UIUC\Research\Uncertainty\results\qwen3-4b_conflict_prediction.json
qwen3-4b,0.5,0.7,ICC,0.75,0.717391304347826,0.7755102040816326,0.7635135135135135,0.7989130434782609,0.8043478260869565,5.811889973380657,4.612220916568743,1.199669056811914,root_default,D:\Study\UIUC\Research\Uncertainty\results\qwen3-4b_conflict_prediction.json
qwen3-4b,0.5,0.7,ICC,0.5,0.717391304347826,0.8765432098765432,0.7720588235294118,0.44021739130434784,0.7391304347826086,15.915190552871717,5.466751918158574,10.448438634713142,root_default,D:\Study\UIUC\Research\Uncertainty\results\qwen3-4b_conflict_prediction.json
qwen3-4b,0.5,0.7,ICC,0.25,0.717391304347826,0.975609756097561,0.7720588235294118,0.22282608695652173,0.7391304347826086,25.82184517497349,5.466751918158574,20.355093256814914,root_default,D:\Study\UIUC\Research\Uncertainty\results\qwen3-4b_conflict_prediction.json
qwen3-8b,0.5,0.7,IC,0.75,0.5434782608695652,0.6319444444444444,0.5555555555555556,0.782608695652174,0.782608695652174,8.846618357487923,1.2077294685990392,7.638888888888884,root_default,D:\Study\UIUC\Research\Uncertainty\results\qwen3-8b_conflict_prediction.json
qwen3-8b,0.5,0.7,IC,0.5,0.5434782608695652,0.7525773195876289,0.594059405940594,0.5271739130434783,0.5489130434782609,20.909905871806366,5.058114507102884,15.851791364703482,root_default,D:\Study\UIUC\Research\Uncertainty\results\qwen3-8b_conflict_prediction.json
qwen3-8b,0.5,0.7,IC,0.25,0.5434782608695652,0.8048780487804879,0.5977011494252874,0.22282608695652173,0.47282608695652173,26.13997879109227,5.422288855572221,20.717689935520045,root_default,D:\Study\UIUC\Research\Uncertainty\results\qwen3-8b_conflict_prediction.json
qwen3-8b,0.5,0.7,ICC,0.75,0.7663043478260869,0.8671328671328671,0.8194444444444444,0.7771739130434783,0.782608695652174,10.082851930678016,5.31400966183575,4.768842268842266,root_default,D:\Study\UIUC\Research\Uncertainty\results\qwen3-8b_conflict_prediction.json
qwen3-8b,0.5,0.7,ICC,0.5,0.7663043478260869,0.9603960396039604,0.8512396694214877,0.5489130434782609,0.657608695652174,19.409169177787344,8.493532159540074,10.91563701824727,root_default,D:\Study\UIUC\Research\Uncertainty\results\qwen3-8b_conflict_prediction.json
qwen3-8b,0.5,0.7,ICC,0.25,0.7663043478260869,0.9803921568627451,0.8512396694214877,0.27717391304347827,0.657608695652174,21.408780903665814,8.493532159540074,12.91524874412574,root_default,D:\Study\UIUC\Research\Uncertainty\results\qwen3-8b_conflict_prediction.json
qwen3.5-9b,0.5,0.7,IC,0.75,0.3695652173913043,0.464,0.3488372093023256,0.6793478260869565,0.7010869565217391,9.44347826086957,-2.072800808897873,11.516279069767442,root_default,D:\Study\UIUC\Research\Uncertainty\results\qwen3.5-9b_conflict_prediction.json
qwen3.5-9b,0.5,0.7,IC,0.5,0.3695652173913043,0.6623376623376623,0.3950617283950617,0.41847826086956524,0.44021739130434784,29.277244494635802,2.5496511003757383,26.72759339426006,root_default,D:\Study\UIUC\Research\Uncertainty\results\qwen3.5-9b_conflict_prediction.json
qwen3.5-9b,0.5,0.7,IC,0.25,0.3695652173913043,0.7894736842105263,0.5,0.20652173913043478,0.2391304347826087,41.9908466819222,13.043478260869568,28.947368421052634,root_default,D:\Study\UIUC\Research\Uncertainty\results\qwen3.5-9b_conflict_prediction.json
qwen3.5-9b,0.5,0.7,ICC,0.75,0.782608695652174,0.8787878787878788,0.8888888888888888,0.717391304347826,0.7336956521739131,9.617918313570485,10.62801932367149,-1.0101010101010055,root_default,D:\Study\UIUC\Research\Uncertainty\results\qwen3.5-9b_conflict_prediction.json
qwen3.5-9b,0.5,0.7,ICC,0.5,0.782608695652174,0.9438202247191011,0.9285714285714286,0.483695652173913,0.532608695652174,16.121152906692714,14.596273291925465,1.5248796147672494,root_default,D:\Study\UIUC\Research\Uncertainty\results\qwen3.5-9b_conflict_prediction.json
qwen3.5-9b,0.5,0.7,ICC,0.25,0.782608695652174,0.975609756097561,0.9512195121951219,0.22282608695652173,0.22282608695652173,19.3001060445387,16.861081654294797,2.4390243902439046,root_default,D:\Study\UIUC\Research\Uncertainty\results\qwen3.5-9b_conflict_prediction.json
llama3.1-8b,0.5,0.8,IC,0.75,0.3532608695652174,0.41304347826086957,0.3237410071942446,0.75,0.7554347826086957,5.978260869565216,-2.9519862370972816,8.930247106662497,rerun,D:\Study\UIUC\Research\Uncertainty\results\conf_threshold_sensitivity\llama3.1-8b_conflict_prediction_confthr_0p8.json
llama3.1-8b,0.5,0.8,IC,0.5,0.3532608695652174,0.5595238095238095,0.2976190476190476,0.45652173913043476,0.45652173913043476,20.626293995859214,-5.564182194616979,26.190476190476193,rerun,D:\Study\UIUC\Research\Uncertainty\results\conf_threshold_sensitivity\llama3.1-8b_conflict_prediction_confthr_0p8.json
llama3.1-8b,0.5,0.8,IC,0.25,0.3532608695652174,0.725,0.32558139534883723,0.21739130434782608,0.23369565217391305,37.17391304347826,-2.7679474216380173,39.94186046511628,rerun,D:\Study\UIUC\Research\Uncertainty\results\conf_threshold_sensitivity\llama3.1-8b_conflict_prediction_confthr_0p8.json
llama3.1-8b,0.5,0.8,ICC,0.75,0.625,0.6950354609929078,0.6503496503496503,0.7663043478260869,0.7771739130434783,7.00354609929078,2.534965034965031,4.4685810643257495,rerun,D:\Study\UIUC\Research\Uncertainty\results\conf_threshold_sensitivity\llama3.1-8b_conflict_prediction_confthr_0p8.json
llama3.1-8b,0.5,0.8,ICC,0.5,0.625,0.7475728155339806,0.6601941747572816,0.5597826086956522,0.5597826086956522,12.257281553398059,3.5194174757281593,8.737864077669899,rerun,D:\Study\UIUC\Research\Uncertainty\results\conf_threshold_sensitivity\llama3.1-8b_conflict_prediction_confthr_0p8.json
llama3.1-8b,0.5,0.8,ICC,0.25,0.625,0.8333333333333334,0.7209302325581395,0.22826086956521738,0.23369565217391305,20.833333333333336,9.593023255813948,11.24031007751939,rerun,D:\Study\UIUC\Research\Uncertainty\results\conf_threshold_sensitivity\llama3.1-8b_conflict_prediction_confthr_0p8.json
meditron3-8b,0.5,0.8,IC,0.75,0.391304347826087,0.5076923076923077,0.4153846153846154,0.7065217391304348,0.7065217391304348,11.63879598662207,2.4080267558528434,9.230769230769226,rerun,D:\Study\UIUC\Research\Uncertainty\results\conf_threshold_sensitivity\meditron3-8b_conflict_prediction_confthr_0p8.json
meditron3-8b,0.5,0.8,IC,0.5,0.391304347826087,0.6463414634146342,0.4024390243902439,0.44565217391304346,0.44565217391304346,25.503711558854718,1.1134676564156953,24.390243902439025,rerun,D:\Study\UIUC\Research\Uncertainty\results\conf_threshold_sensitivity\meditron3-8b_conflict_prediction_confthr_0p8.json
meditron3-8b,0.5,0.8,IC,0.25,0.391304347826087,0.8461538461538461,0.5128205128205128,0.21195652173913043,0.21195652173913043,45.48494983277592,12.15161649944258,33.333333333333336,rerun,D:\Study\UIUC\Research\Uncertainty\results\conf_threshold_sensitivity\meditron3-8b_conflict_prediction_confthr_0p8.json
meditron3-8b,0.5,0.8,ICC,0.75,0.7010869565217391,0.7687074829931972,0.7210884353741497,0.7989130434782609,0.7989130434782609,6.762052647145811,2.000147885241055,4.761904761904756,rerun,D:\Study\UIUC\Research\Uncertainty\results\conf_threshold_sensitivity\meditron3-8b_conflict_prediction_confthr_0p8.json
meditron3-8b,0.5,0.8,ICC,0.5,0.7010869565217391,0.7931034482758621,0.735632183908046,0.47282608695652173,0.47282608695652173,9.201649175412296,3.454522738630683,5.747126436781613,rerun,D:\Study\UIUC\Research\Uncertainty\results\conf_threshold_sensitivity\meditron3-8b_conflict_prediction_confthr_0p8.json
meditron3-8b,0.5,0.8,ICC,0.25,0.7010869565217391,0.9459459459459459,0.8378378378378378,0.20108695652173914,0.20108695652173914,24.485898942420683,13.675088131609868,10.81081081081081,rerun,D:\Study\UIUC\Research\Uncertainty\results\conf_threshold_sensitivity\meditron3-8b_conflict_prediction_confthr_0p8.json
phi4-14b,0.5,0.8,IC,0.75,0.43478260869565216,0.4965986394557823,0.4489795918367347,0.7989130434782609,0.7989130434782609,6.1816030760130145,1.419698314108253,4.761904761904762,rerun,D:\Study\UIUC\Research\Uncertainty\results\conf_threshold_sensitivity\phi4-14b_conflict_prediction_confthr_0p8.json
phi4-14b,0.5,0.8,IC,0.5,0.43478260869565216,0.6526315789473685,0.4,0.5163043478260869,0.5163043478260869,21.784897025171627,-3.478260869565214,25.263157894736842,rerun,D:\Study\UIUC\Research\Uncertainty\results\conf_threshold_sensitivity\phi4-14b_conflict_prediction_confthr_0p8.json
phi4-14b,0.5,0.8,IC,0.25,0.43478260869565216,0.7647058823529411,0.30158730158730157,0.27717391304347827,0.3423913043478261,32.9923273657289,-13.319530710835059,46.31185807656396,rerun,D:\Study\UIUC\Research\Uncertainty\results\conf_threshold_sensitivity\phi4-14b_conflict_prediction_confthr_0p8.json
phi4-14b,0.5,0.8,ICC,0.75,0.6413043478260869,0.7,0.6879432624113475,0.7608695652173914,0.7663043478260869,5.869565217391304,4.663891458526059,1.2056737588652444,rerun,D:\Study\UIUC\Research\Uncertainty\results\conf_threshold_sensitivity\phi4-14b_conflict_prediction_confthr_0p8.json
phi4-14b,0.5,0.8,ICC,0.5,0.6413043478260869,0.8,0.7222222222222222,0.4891304347826087,0.4891304347826087,15.869565217391312,8.09178743961353,7.777777777777784,rerun,D:\Study\UIUC\Research\Uncertainty\results\conf_threshold_sensitivity\phi4-14b_conflict_prediction_confthr_0p8.json
phi4-14b,0.5,0.8,ICC,0.25,0.6413043478260869,0.9,0.78,0.2717391304347826,0.2717391304347826,25.86956521739131,13.869565217391312,12.0,rerun,D:\Study\UIUC\Research\Uncertainty\results\conf_threshold_sensitivity\phi4-14b_conflict_prediction_confthr_0p8.json
qwen3-4b,0.5,0.8,IC,0.75,0.40217391304347827,0.4420289855072464,0.3900709219858156,0.75,0.7663043478260869,3.9855072463768124,-1.210299105766266,5.195806352143078,rerun,D:\Study\UIUC\Research\Uncertainty\results\conf_threshold_sensitivity\qwen3-4b_conflict_prediction_confthr_0p8.json
qwen3-4b,0.5,0.8,IC,0.5,0.40217391304347827,0.5816326530612245,0.3900709219858156,0.532608695652174,0.7663043478260869,17.94587400177462,-1.210299105766266,19.156173107540887,rerun,D:\Study\UIUC\Research\Uncertainty\results\conf_threshold_sensitivity\qwen3-4b_conflict_prediction_confthr_0p8.json
qwen3-4b,0.5,0.8,IC,0.25,0.40217391304347827,0.7254901960784313,0.3900709219858156,0.27717391304347827,0.7663043478260869,32.33162830349531,-1.210299105766266,33.541927409261575,rerun,D:\Study\UIUC\Research\Uncertainty\results\conf_threshold_sensitivity\qwen3-4b_conflict_prediction_confthr_0p8.json
qwen3-4b,0.5,0.8,ICC,0.75,0.7119565217391305,0.7941176470588235,0.7737226277372263,0.7391304347826086,0.7445652173913043,8.2161125319693,6.176610599809584,2.039501932159715,rerun,D:\Study\UIUC\Research\Uncertainty\results\conf_threshold_sensitivity\qwen3-4b_conflict_prediction_confthr_0p8.json
qwen3-4b,0.5,0.8,ICC,0.5,0.7119565217391305,0.8924731182795699,0.7737226277372263,0.5054347826086957,0.7445652173913043,18.051659654043938,6.176610599809584,11.875049054234355,rerun,D:\Study\UIUC\Research\Uncertainty\results\conf_threshold_sensitivity\qwen3-4b_conflict_prediction_confthr_0p8.json
qwen3-4b,0.5,0.8,ICC,0.25,0.7119565217391305,0.9705882352941176,0.7737226277372263,0.18478260869565216,0.7445652173913043,25.863171355498714,6.176610599809584,19.68656075568913,rerun,D:\Study\UIUC\Research\Uncertainty\results\conf_threshold_sensitivity\qwen3-4b_conflict_prediction_confthr_0p8.json
qwen3-8b,0.5,0.8,IC,0.75,0.5380434782608695,0.625,0.5694444444444444,0.782608695652174,0.782608695652174,8.695652173913048,3.1400966183574908,5.555555555555558,rerun,D:\Study\UIUC\Research\Uncertainty\results\conf_threshold_sensitivity\qwen3-8b_conflict_prediction_confthr_0p8.json
qwen3-8b,0.5,0.8,IC,0.5,0.5380434782608695,0.6857142857142857,0.5945945945945946,0.5706521739130435,0.6032608695652174,14.767080745341621,5.6551116333725115,9.11196911196911,rerun,D:\Study\UIUC\Research\Uncertainty\results\conf_threshold_sensitivity\qwen3-8b_conflict_prediction_confthr_0p8.json
qwen3-8b,0.5,0.8,IC,0.25,0.5380434782608695,0.8103448275862069,0.6236559139784946,0.31521739130434784,0.5054347826086957,27.230134932533733,8.56124357176251,18.668891360771223,rerun,D:\Study\UIUC\Research\Uncertainty\results\conf_threshold_sensitivity\qwen3-8b_conflict_prediction_confthr_0p8.json
qwen3-8b,0.5,0.8,ICC,0.75,0.7663043478260869,0.8832116788321168,0.8260869565217391,0.7445652173913043,0.75,11.69073310060299,5.978260869565222,5.7124722310377685,rerun,D:\Study\UIUC\Research\Uncertainty\results\conf_threshold_sensitivity\qwen3-8b_conflict_prediction_confthr_0p8.json
qwen3-8b,0.5,0.8,ICC,0.5,0.7663043478260869,0.9595959595959596,0.8245614035087719,0.5380434782608695,0.6195652173913043,19.329161176987263,5.825705568268502,13.503455608718761,rerun,D:\Study\UIUC\Research\Uncertainty\results\conf_threshold_sensitivity\qwen3-8b_conflict_prediction_confthr_0p8.json
qwen3-8b,0.5,0.8,ICC,0.25,0.7663043478260869,1.0,0.8245614035087719,0.24456521739130435,0.6195652173913043,23.369565217391308,5.825705568268502,17.543859649122805,rerun,D:\Study\UIUC\Research\Uncertainty\results\conf_threshold_sensitivity\qwen3-8b_conflict_prediction_confthr_0p8.json
qwen3.5-9b,0.5,0.8,IC,0.75,0.3423913043478261,0.40875912408759124,0.3237410071942446,0.7445652173913043,0.7554347826086957,6.636781973976513,-1.8650297153581519,8.501811689334666,rerun,D:\Study\UIUC\Research\Uncertainty\results\conf_threshold_sensitivity\qwen3.5-9b_conflict_prediction_confthr_0p8.json
qwen3.5-9b,0.5,0.8,IC,0.5,0.3423913043478261,0.44565217391304346,0.3402061855670103,0.5,0.5271739130434783,10.326086956521735,-0.21851187808157868,10.544598834603313,rerun,D:\Study\UIUC\Research\Uncertainty\results\conf_threshold_sensitivity\qwen3.5-9b_conflict_prediction_confthr_0p8.json
qwen3.5-9b,0.5,0.8,IC,0.25,0.3423913043478261,0.5306122448979592,0.39215686274509803,0.266304347826087,0.27717391304347827,18.82209405501331,4.976555839727192,13.845538215286119,rerun,D:\Study\UIUC\Research\Uncertainty\results\conf_threshold_sensitivity\qwen3.5-9b_conflict_prediction_confthr_0p8.json
qwen3.5-9b,0.5,0.8,ICC,0.75,0.7771739130434783,0.8828125,0.8592592592592593,0.6956521739130435,0.7336956521739131,10.563858695652172,8.208534621578101,2.355324074074072,rerun,D:\Study\UIUC\Research\Uncertainty\results\conf_threshold_sensitivity\qwen3.5-9b_conflict_prediction_confthr_0p8.json
qwen3.5-9b,0.5,0.8,ICC,0.5,0.7771739130434783,0.95,0.95,0.43478260869565216,0.43478260869565216,17.28260869565217,17.28260869565217,0.0,rerun,D:\Study\UIUC\Research\Uncertainty\results\conf_threshold_sensitivity\qwen3.5-9b_conflict_prediction_confthr_0p8.json
qwen3.5-9b,0.5,0.8,ICC,0.25,0.7771739130434783,0.9696969696969697,0.9705882352941176,0.1793478260869565,0.18478260869565216,19.252305665349144,19.341432225063937,-0.08912655971479166,rerun,D:\Study\UIUC\Research\Uncertainty\results\conf_threshold_sensitivity\qwen3.5-9b_conflict_prediction_confthr_0p8.json
